Id,Name,Gender,Age
929105037,Liam,Male,26
940904557,Antoinette,Female,28
571523967,Norean,Female,56
151294986,Chip,Male,42
373151866,Caroline,Female,44
919548604,Scotti,Male,58
462435033,Robinett,Female,45
917451950,Chick,Agender,43
804128894,Donni,Female,59
965178915,Roderich,Male,62
713791689,Micaela,Female,58
906685956,Antonia,Female,56
73251253,Zachery,Genderqueer,43
711308400,Yevette,Female,53
532724306,Kellen,Male,55
39003281,Dorisa,Female,22
327934108,Amanda,Female,51
771443182,Clarissa,Female,59
535093322,Darrell,Male,63
102487231,Cherish,Female,26
110700506,Hadrian,Male,19
562083288,Catriona,Female,28
586540666,Hortense,Female,23
251986722,Mikael,Agender,27
226926524,Myrna,Female,40
300297323,Winfield,Male,41
498026483,Trstram,Male,18
814677620,Glyn,Male,22
640355107,Maury,Male,53
304454700,Annamarie,Female,29
775977976,Oriana,Female,54
983488441,Ebony,Genderqueer,64
484068133,Daria,Female,50
591772160,Karyl,Female,30
886784520,Holly,Male,64
834618867,Ruddie,Genderfluid,32
130863354,Pete,Non-binary,27
800767803,Gregorio,Male,25
398492112,Roselia,Genderqueer,21
257626423,Ritchie,Male,60
554541817,Lev,Male,40
540659849,Gasparo,Male,24
433647183,Maximilian,Male,31
770551954,Humphrey,Agender,36
667347855,Karoly,Male,35
904856596,Bill,Male,57
944162232,Bentlee,Male,24
535693630,Ransell,Male,58
330901838,Monique,Female,49
324064520,Spencer,Male,55
599225575,Courtnay,Male,38
864960569,Emlyn,Female,36
478069751,Hatty,Female,47
287582227,Phylys,Female,56
341955551,Tucky,Male,22
601158049,Kassia,Female,35
666111613,Griz,Male,59
718364947,Leah,Female,33
866226141,Mac,Male,35
754633287,Cheston,Male,60
16895771,Lukas,Male,29
397158848,Esteban,Male,65
754866719,Leo,Polygender,35
246437551,Didi,Female,30
373070311,Caralie,Female,35
865156536,Timmy,Male,28
428247011,Merilyn,Genderfluid,57
810727515,Alberto,Male,18
692746593,Evangelina,Female,26
648177916,Victoir,Male,33
8617221,Sloan,Male,39
954767459,Belicia,Female,54
118019212,Lottie,Female,29
843878800,Estele,Female,27
988958836,Rowney,Male,19
795713307,Sherrie,Female,34
37027774,Heywood,Male,40
926962596,Sylvan,Male,21
780512737,Toddy,Male,28
855653324,Filide,Female,38
628497320,Jannel,Female,33
853222224,Saw,Genderqueer,41
847763630,Merwyn,Male,57
927122803,Hollie,Female,50
240563424,Reeva,Female,50
524443648,Garland,Female,34
649557579,Korey,Male,51
800317117,Emlyn,Female,57
884559678,Rolf,Male,32
6953204,Ashby,Male,29
279076865,Bridget,Female,50
757382091,Chryste,Female,49
667999176,Bevin,Male,24
506882598,Andrus,Male,56
188891137,Bamby,Bigender,47
338501056,Sawyer,Male,33
495503216,Ansel,Male,47
24707953,Eunice,Female,61
284010144,Homere,Agender,62
389336274,Michelle,Female,34
577698753,Ginni,Female,34
285617692,Saloma,Female,63
224104132,Christi,Female,48
387408042,Karim,Male,42
361259139,Madel,Female,45
609114922,Kali,Female,60
327427855,Desdemona,Genderqueer,47
864698427,Franklyn,Male,57
46874626,Rosemonde,Female,24
141667951,Judas,Male,63
863555028,Gabi,Female,20
535950382,Dina,Female,45
666026471,Artur,Male,33
578032986,Kennan,Male,37
796548244,Boothe,Male,65
758816656,Marys,Female,54
188543485,Quintin,Male,34
231351658,Rycca,Female,60
189366965,Guinevere,Female,50
187987721,Steward,Male,52
303506923,Valene,Non-binary,54
636349920,Albina,Female,57
121314718,Meghann,Female,55
451749929,Alphard,Male,35
682907241,Khalil,Agender,55
336488674,Alex,Male,52
605244309,Odella,Female,47
167725307,Charmane,Female,61
586891159,Charmane,Female,20
588019740,Di,Female,37
276447171,Abbe,Male,56
111849885,Lenette,Female,44
287634873,Zenia,Female,57
10322150,Hakim,Male,55
901179472,Temp,Genderqueer,48
635806888,Ezra,Male,60
626525953,Charin,Female,58
669810924,Essie,Female,61
103063562,Dolley,Female,49
453786206,Ogdon,Male,49
634854338,Drugi,Male,50
771625208,Fawne,Female,65
428310115,Gunner,Male,21
612351182,Minnnie,Female,34
515257529,Gisela,Female,35
462091084,Amalee,Female,52
821477757,Britta,Female,40
115329909,Celestine,Female,42
687133204,Cherin,Female,53
754554867,Gilburt,Male,65
20390150,Nevins,Male,31
418955818,Booth,Male,37
918883312,Tremayne,Male,46
431968486,Cynthia,Female,56
688829800,Mella,Genderqueer,21
304505241,Mariquilla,Bigender,54
96353213,Cathyleen,Female,57
733377131,Edi,Female,44
27491609,Aviva,Female,47
675402499,Chic,Male,50
357354297,Guss,Male,55
277588603,Cheryl,Female,34
94218799,Justen,Male,45
676554110,Bettye,Female,23
240167379,Camilla,Female,39
110186048,Quentin,Male,41
588504213,Jamesy,Male,31
32637280,Valerye,Female,49
233920720,Currie,Male,52
398277262,Bonni,Female,30
991921372,Jon,Male,49
231731191,Hagen,Male,37
786091846,Costa,Male,22
502282457,Nina,Female,24
555446172,Alley,Male,40
422726538,Tucky,Male,31
406584850,Emilie,Female,23
899761654,Esteban,Male,27
319292160,Germayne,Male,33
337029598,Bogart,Male,29
422169794,Teodoor,Non-binary,57
150949399,Gan,Male,39
83347898,Marthena,Genderqueer,21
57649655,Keir,Male,48
755939203,Denis,Male,26
920934012,Gilberte,Non-binary,51
952376501,Felic,Male,40
85764182,Tris,Male,23
217669899,Sullivan,Male,39
960380801,Margret,Female,41
321012473,Bartholomeo,Male,64
1992233,Yolande,Female,37
587108716,Meara,Female,62
915571161,Dasie,Genderqueer,54
463481094,Rici,Female,18
607581040,Farr,Male,60
840845274,Fletcher,Male,31
488467429,Filippa,Genderqueer,32
799771609,Lorianne,Female,42
493163764,Joyce,Female,33
