state,Measure 1,Measure 2,Number Less,Number Same,Number More,Number X,Footnote,Start Date,End Date
IA,PAYM-12,Payment_eek8xgf,99,116,271,395,libero,6/15/2019,1/2/2022
MO,PAYM-64,Payment_bbpl1co,94,148,225,340,turpis,8/15/2019,9/22/2021
KS,PAYM-68,Payment_cos97ds,44,128,274,351,volutpat,8/22/2019,1/2/2021
NV,PAYM-61,Payment_jcr8jma,87,160,201,346,primis,11/11/2019,7/11/2020
TX,PAYM-36,Payment_wyf36gl,42,132,248,308,vel,1/22/2020,12/29/2021
TN,PAYM-04,Payment_nbhmnbs,68,159,257,382,nibh,5/31/2019,1/6/2022
CT,PAYM-20,Payment_xzt7sgk,74,141,297,331,in,3/15/2020,4/11/2021
CA,PAYM-05,Payment_dljkxng,63,138,290,356,in,3/24/2020,1/21/2022
GA,PAYM-56,Payment_ysp8szw,12,184,247,396,massa,1/6/2020,3/11/2021
CA,PAYM-84,Payment_rgsvwod,43,141,213,330,in,9/9/2019,7/26/2020
FL,PAYM-30,Payment_hcybchw,4,173,296,397,justo,11/14/2019,11/8/2020
OH,PAYM-99,Payment_fshvfpq,89,101,235,392,volutpat,7/9/2019,2/22/2021
CA,PAYM-98,Payment_wexethd,48,193,263,336,libero,4/4/2020,1/21/2022
TX,PAYM-13,Payment_cgoq4ym,96,125,292,392,lorem,11/2/2019,2/16/2022
FL,PAYM-83,Payment_xnruvdi,40,112,224,400,eget,2/20/2020,9/14/2020
WA,PAYM-66,Payment_niea4xk,32,148,272,315,natoque,5/17/2019,12/10/2020
CA,PAYM-52,Payment_ogclvts,71,145,206,362,ante,11/16/2019,5/21/2021
MO,PAYM-71,Payment_knykaaa,73,115,256,311,odio,10/21/2019,8/3/2021
VA,PAYM-77,Payment_vknl4cp,37,173,218,367,fusce,6/12/2019,11/13/2020
CA,PAYM-78,Payment_ulncfck,87,189,257,306,sed,10/22/2019,1/2/2022
SC,PAYM-26,Payment_cif89lf,79,143,241,348,luctus,5/3/2020,4/18/2022
MS,PAYM-72,Payment_mwct9pg,38,106,214,368,id,7/17/2019,9/18/2020
OK,PAYM-38,Payment_ozvxjwc,96,198,287,327,mauris,3/12/2020,2/23/2022
GA,PAYM-47,Payment_snadyoo,70,195,204,347,in,10/1/2019,9/8/2020
GA,PAYM-72,Payment_jnnlpgo,62,119,284,398,rutrum,3/3/2020,10/8/2020
TX,PAYM-87,Payment_alpp5fg,72,117,213,303,justo,12/6/2019,2/26/2022
NC,PAYM-02,Payment_moziysi,25,111,203,324,eros,12/4/2019,7/22/2021
VA,PAYM-86,Payment_srpp2nn,98,160,288,314,nisi,11/8/2019,1/12/2022
CO,PAYM-22,Payment_tynhqor,32,112,224,378,leo,5/8/2019,10/10/2020
NY,PAYM-68,Payment_hin5gkw,61,140,263,358,integer,1/15/2020,7/27/2021
LA,PAYM-94,Payment_vioznol,98,188,242,322,eget,10/13/2019,10/27/2020
OH,PAYM-94,Payment_ubobnnw,60,129,265,348,maecenas,1/14/2020,7/16/2020
FL,PAYM-19,Payment_pywa8aw,59,173,219,395,integer,7/1/2019,5/22/2022
SC,PAYM-97,Payment_jqo6rzd,83,174,229,338,praesent,5/17/2020,10/28/2021
PA,PAYM-23,Payment_vmg5hdk,75,125,292,375,turpis,3/16/2020,3/2/2022
CA,PAYM-51,Payment_jqr0vjm,40,140,292,365,non,3/28/2020,7/27/2021
CA,PAYM-73,Payment_xyiocju,15,157,242,392,volutpat,1/18/2020,8/3/2020
NY,PAYM-56,Payment_ovzfibd,94,199,286,301,fringilla,6/12/2019,1/24/2022
FL,PAYM-77,Payment_yzrv7nu,88,178,299,327,odio,11/19/2019,3/3/2021
CA,PAYM-58,Payment_ajbwsdp,46,104,248,324,sit,11/21/2019,10/9/2020
TN,PAYM-96,Payment_reranqq,59,121,207,304,ut,8/27/2019,12/25/2021
MI,PAYM-76,Payment_vdfbplq,91,160,216,335,in,8/28/2019,8/3/2021
WI,PAYM-10,Payment_ocwxeeh,42,172,223,376,lacinia,3/6/2020,4/5/2022
DC,PAYM-32,Payment_snbrwpj,60,122,290,320,curabitur,1/28/2020,7/23/2021
VA,PAYM-52,Payment_ohf3kqk,58,139,290,358,parturient,5/19/2020,3/14/2022
KY,PAYM-59,Payment_shtrqdf,52,167,297,368,nec,1/27/2020,7/12/2021
TX,PAYM-71,Payment_vuom9wu,34,100,206,333,nisl,4/12/2020,7/1/2020
MA,PAYM-89,Payment_hbkkfht,54,103,293,358,integer,5/15/2019,7/1/2021
CA,PAYM-96,Payment_umrpgox,63,144,242,338,sit,12/1/2019,10/10/2021
LA,PAYM-17,Payment_xcwtgpp,7,138,222,355,sit,1/25/2020,10/29/2021
VA,PAYM-22,Payment_cajq3mr,54,148,204,314,tincidunt,10/18/2019,1/5/2021
OR,PAYM-62,Payment_fpci3vq,14,200,254,333,dolor,6/1/2019,5/4/2021
DC,PAYM-77,Payment_yxjcawo,9,130,283,335,morbi,9/1/2019,8/7/2020
CA,PAYM-94,Payment_eth43wo,19,108,252,341,rhoncus,9/22/2019,3/14/2022
IL,PAYM-62,Payment_hinbibf,61,127,258,327,aenean,9/30/2019,1/1/2022
IL,PAYM-21,Payment_ayk3igu,89,193,299,319,eu,12/13/2019,2/21/2021
NY,PAYM-05,Payment_srzwucx,46,107,236,390,quam,3/27/2020,6/29/2021
IL,PAYM-64,Payment_exrc0hy,28,155,233,396,justo,3/5/2020,4/4/2021
CA,PAYM-22,Payment_hagxfef,15,160,289,368,turpis,5/19/2020,3/10/2021
MA,PAYM-59,Payment_upqmdvw,11,124,252,379,non,6/18/2019,4/13/2022
OK,PAYM-15,Payment_pnymzyu,28,176,257,366,nibh,6/15/2019,10/20/2020
MD,PAYM-90,Payment_gcti3wa,48,152,297,399,vestibulum,12/25/2019,10/30/2020
IN,PAYM-19,Payment_ozvk3ny,86,133,289,347,justo,2/22/2020,11/5/2020
ID,PAYM-42,Payment_rtyuevs,92,112,295,301,eros,9/2/2019,4/15/2022
NY,PAYM-41,Payment_zcgd0ve,6,146,290,308,consequat,1/15/2020,1/24/2021
CO,PAYM-44,Payment_iizykgz,83,180,232,388,ante,4/4/2020,12/21/2020
FL,PAYM-98,Payment_rhih6bn,44,105,259,354,et,5/14/2019,5/4/2021
NV,PAYM-87,Payment_jnlx8xx,41,143,231,331,arcu,3/21/2020,8/19/2020
FL,PAYM-22,Payment_twb30qp,67,135,293,375,maecenas,3/20/2020,4/12/2021
AL,PAYM-88,Payment_fxdrryh,61,180,236,317,donec,2/20/2020,10/21/2020
NV,PAYM-91,Payment_raoskip,92,160,288,358,at,2/5/2020,5/8/2022
GA,PAYM-68,Payment_gqkuybc,37,117,227,375,hendrerit,5/22/2019,8/20/2021
NY,PAYM-42,Payment_qiq4cww,71,138,232,358,donec,11/22/2019,3/27/2022
CA,PAYM-74,Payment_gfcl4ni,34,158,204,332,cras,1/1/2020,2/19/2022
WA,PAYM-95,Payment_jwysiqo,94,153,298,318,magna,2/21/2020,2/26/2021
OK,PAYM-16,Payment_szmdlge,68,169,202,387,volutpat,6/24/2019,1/9/2021
TN,PAYM-70,Payment_ije6vob,53,157,220,397,ut,4/19/2020,3/30/2022
FL,PAYM-70,Payment_xgsv3sc,82,192,204,336,quam,3/29/2020,4/28/2021
AZ,PAYM-32,Payment_yii5ruk,80,197,295,333,convallis,9/29/2019,2/17/2021
NM,PAYM-26,Payment_vfklkzo,20,189,225,384,nec,11/19/2019,5/29/2021
AZ,PAYM-27,Payment_jyg0nlm,20,198,254,332,platea,10/22/2019,1/27/2021
AL,PAYM-18,Payment_mzc99cj,91,118,259,302,maecenas,1/19/2020,8/28/2021
NY,PAYM-06,Payment_egfgmbe,55,124,287,378,pede,2/16/2020,11/29/2021
FL,PAYM-88,Payment_dizyfze,46,195,265,332,eget,6/18/2019,2/24/2021
DC,PAYM-79,Payment_zmg8nam,28,113,218,353,dolor,10/4/2019,6/30/2020
MN,PAYM-23,Payment_ffx50jl,89,166,203,395,vel,4/7/2020,2/24/2022
VA,PAYM-19,Payment_sxu7wal,35,137,286,332,luctus,8/31/2019,1/10/2022
DC,PAYM-39,Payment_zlxhgzs,29,105,277,362,faucibus,2/5/2020,11/30/2020
NY,PAYM-63,Payment_vii1jlm,71,102,236,302,vel,7/23/2019,12/19/2021
TX,PAYM-44,Payment_hixpxjv,10,179,263,393,suscipit,10/28/2019,12/23/2021
MO,PAYM-54,Payment_qwu2eca,14,110,261,358,nec,9/5/2019,9/2/2020
MN,PAYM-19,Payment_kdmgxat,11,148,262,381,diam,5/5/2020,11/5/2020
CA,PAYM-02,Payment_uhwhche,36,159,246,349,turpis,9/9/2019,8/23/2020
KS,PAYM-56,Payment_colimmf,15,144,248,312,mauris,5/19/2020,8/1/2020
DC,PAYM-86,Payment_ehvo5bv,73,115,247,379,elit,7/5/2019,4/15/2022
MN,PAYM-55,Payment_slub0gn,48,108,202,345,nulla,12/29/2019,6/23/2021
TX,PAYM-33,Payment_zcvfnbp,14,126,242,361,lacus,1/5/2020,4/7/2022
CA,PAYM-65,Payment_swl5rut,88,132,209,347,justo,1/27/2020,12/22/2021
IN,PAYM-97,Payment_pnz4fcv,91,134,258,391,suspendisse,5/7/2020,5/6/2022
NE,PAYM-62,Payment_ujj3kir,84,166,265,370,amet,5/19/2019,10/3/2020
CA,PAYM-04,Payment_ubuynro,37,134,286,394,a,6/19/2019,1/9/2021
CO,PAYM-75,Payment_xhlo6ze,10,193,201,348,lobortis,6/2/2019,1/19/2022
PA,PAYM-93,Payment_rjmvimo,54,122,247,366,dis,1/25/2020,1/10/2021
VA,PAYM-68,Payment_adlkkyc,66,137,205,363,ridiculus,3/21/2020,9/27/2020
MI,PAYM-77,Payment_bzru7fb,71,111,202,381,elementum,8/11/2019,12/26/2021
VA,PAYM-62,Payment_nvf0vct,93,136,253,341,scelerisque,7/6/2019,10/4/2020
TX,PAYM-06,Payment_ubx1wvw,4,149,261,398,lacinia,11/11/2019,2/22/2021
MN,PAYM-74,Payment_wxz1bqw,30,137,277,341,dapibus,9/4/2019,11/13/2020
GA,PAYM-96,Payment_hjzkxnr,92,123,208,362,nonummy,10/29/2019,2/1/2022
CA,PAYM-16,Payment_onnycqr,73,101,242,316,cras,11/18/2019,2/11/2022
TX,PAYM-74,Payment_ypwpqos,92,136,201,366,justo,2/29/2020,3/20/2022
AL,PAYM-74,Payment_cvm4sck,81,122,274,360,elit,5/22/2019,7/28/2021
AZ,PAYM-70,Payment_ptcujeu,54,118,245,335,aliquam,8/10/2019,2/11/2021
MN,PAYM-60,Payment_qkjbsgv,46,196,300,333,enim,12/8/2019,5/1/2022
OH,PAYM-83,Payment_efvsuql,98,103,220,322,vestibulum,9/15/2019,12/1/2021
FL,PAYM-65,Payment_yey6nhq,4,111,202,376,pede,8/19/2019,7/28/2020
TX,PAYM-57,Payment_fmdn1eo,9,148,278,397,vel,8/9/2019,4/23/2021
NM,PAYM-76,Payment_rvpw6jy,57,140,241,305,sem,7/31/2019,1/8/2021
NY,PAYM-87,Payment_krrhpfz,9,151,227,335,justo,10/1/2019,10/6/2021
NJ,PAYM-11,Payment_aflsrdp,41,149,272,399,neque,4/11/2020,8/1/2021
CA,PAYM-87,Payment_oxhd5ar,89,114,223,338,mauris,4/24/2020,9/7/2021
TX,PAYM-74,Payment_iex4fbn,80,152,229,377,ridiculus,10/7/2019,2/16/2022
SC,PAYM-32,Payment_zzbu4dh,93,129,254,380,vitae,9/26/2019,5/8/2022
AL,PAYM-57,Payment_tgfpuun,99,142,225,302,ut,2/1/2020,12/21/2020
LA,PAYM-29,Payment_eyr99kl,8,127,263,381,laoreet,8/30/2019,11/17/2021
CO,PAYM-53,Payment_zlnnnfp,60,140,212,395,phasellus,11/11/2019,11/15/2021
FL,PAYM-34,Payment_txk94mx,96,114,218,400,hac,9/12/2019,3/7/2022
KS,PAYM-74,Payment_qmu1asa,96,174,205,307,et,3/24/2020,5/23/2021
NJ,PAYM-57,Payment_stg62pk,78,123,232,358,interdum,6/25/2019,12/11/2021
MD,PAYM-26,Payment_vbicyan,47,197,216,344,at,8/10/2019,3/25/2021
CA,PAYM-09,Payment_hinl5mr,40,172,243,388,sit,4/28/2020,8/18/2021
CA,PAYM-78,Payment_hjjupjj,56,140,286,325,suspendisse,9/21/2019,12/2/2020
NY,PAYM-43,Payment_hmgmzmc,24,102,275,373,pulvinar,6/2/2019,12/1/2021
OK,PAYM-86,Payment_gbv2lsw,7,183,225,398,augue,12/27/2019,5/24/2021
CA,PAYM-23,Payment_nrvbubx,3,187,264,312,nulla,5/20/2019,7/17/2021
FL,PAYM-23,Payment_ahahyif,56,174,244,380,platea,12/18/2019,5/27/2022
DE,PAYM-05,Payment_abt5sca,46,178,259,348,vestibulum,10/11/2019,3/12/2022
TN,PAYM-16,Payment_fmewhjf,18,158,208,381,amet,3/30/2020,3/28/2021
DE,PAYM-10,Payment_bxwokvp,17,137,235,306,at,4/29/2020,9/20/2021
FL,PAYM-11,Payment_iijx0ys,60,135,252,302,cubilia,7/31/2019,9/10/2021
TX,PAYM-57,Payment_dndhyjz,63,186,233,310,vestibulum,7/2/2019,3/15/2021
CT,PAYM-45,Payment_yobhfpx,83,132,246,394,vitae,5/29/2019,8/25/2021
NY,PAYM-38,Payment_ttd5gdk,89,197,227,352,non,5/23/2020,12/11/2020
NE,PAYM-10,Payment_mjgxesn,81,131,228,349,non,10/23/2019,8/8/2021
TX,PAYM-83,Payment_cucq9kc,24,155,249,395,donec,4/30/2020,10/4/2021
OH,PAYM-30,Payment_otl8mjf,83,167,273,347,amet,10/15/2019,1/25/2022
AR,PAYM-17,Payment_azny5oz,28,146,201,371,platea,10/13/2019,6/4/2021
CT,PAYM-02,Payment_hzlwxbr,89,115,244,344,in,7/9/2019,4/14/2021
MN,PAYM-70,Payment_wfz5fin,99,183,282,331,quis,1/28/2020,2/17/2022
TX,PAYM-48,Payment_jxa1tax,54,163,293,302,id,9/7/2019,11/17/2020
CA,PAYM-87,Payment_wggjdzo,60,181,208,337,tortor,11/8/2019,1/16/2022
FL,PAYM-24,Payment_voj7ykq,91,105,258,344,tincidunt,3/11/2020,9/30/2020
OH,PAYM-44,Payment_pyn1qav,87,137,277,313,et,11/28/2019,2/17/2021
MO,PAYM-45,Payment_oogyjel,25,127,278,352,lacus,9/25/2019,12/6/2020
NY,PAYM-02,Payment_zehx5tn,99,158,271,314,sapien,9/25/2019,11/4/2021
AZ,PAYM-31,Payment_yskcocq,69,173,238,387,pede,10/14/2019,3/26/2021
TN,PAYM-29,Payment_mxj77oa,27,169,224,313,amet,5/19/2019,5/22/2022
CA,PAYM-24,Payment_pwpypyb,10,140,284,364,sem,4/19/2020,11/21/2020
DE,PAYM-69,Payment_euw5bdk,13,153,220,392,sapien,10/9/2019,10/14/2021
VA,PAYM-45,Payment_ozi99tp,98,107,239,374,consequat,5/16/2020,10/31/2020
HI,PAYM-82,Payment_krzpcya,68,129,300,394,nulla,10/2/2019,4/15/2022
FL,PAYM-93,Payment_pqpxjpx,43,130,260,378,etiam,6/19/2019,10/8/2020
MD,PAYM-12,Payment_snwrfwd,22,127,272,345,amet,3/4/2020,1/11/2022
FL,PAYM-95,Payment_ulesfai,21,104,262,347,amet,2/17/2020,2/17/2022
FL,PAYM-62,Payment_srs73cu,75,191,252,359,porttitor,4/29/2020,6/24/2021
NC,PAYM-73,Payment_jdbflns,95,153,208,379,ridiculus,1/10/2020,3/7/2022
KY,PAYM-57,Payment_knml1do,9,168,240,352,magnis,8/16/2019,4/16/2022
TX,PAYM-89,Payment_cdyl7uv,60,185,271,365,eleifend,3/10/2020,6/24/2021
DC,PAYM-24,Payment_bwf0yrm,83,110,246,395,dapibus,3/13/2020,10/10/2021
IN,PAYM-57,Payment_ppkdvos,51,183,255,330,enim,12/24/2019,12/30/2020
TN,PAYM-17,Payment_hudkyfp,48,199,270,345,ac,8/27/2019,11/2/2021
IN,PAYM-31,Payment_zjb6gsj,14,190,229,381,semper,4/19/2020,7/24/2020
MN,PAYM-86,Payment_legslnp,75,195,220,392,eget,10/3/2019,8/24/2021
MS,PAYM-46,Payment_rhejikl,75,112,212,388,vitae,12/21/2019,1/31/2021
FL,PAYM-15,Payment_mphwgrr,95,107,206,333,tincidunt,12/9/2019,8/6/2021
NC,PAYM-47,Payment_tnxbzel,85,157,205,322,fermentum,10/5/2019,8/6/2020
CA,PAYM-80,Payment_nyjnnrz,10,151,262,366,curae,4/9/2020,2/26/2021
MI,PAYM-26,Payment_ndwf4wf,92,125,232,310,elementum,11/20/2019,2/17/2021
SC,PAYM-39,Payment_ebt7pzo,61,185,253,396,consectetuer,5/11/2020,4/29/2021
TX,PAYM-48,Payment_zzdiset,47,162,207,379,aliquam,11/5/2019,7/21/2021
LA,PAYM-52,Payment_mgv8tyd,55,170,251,383,elementum,8/26/2019,5/29/2021
OR,PAYM-62,Payment_gkt4ebd,79,122,271,368,quisque,8/22/2019,9/24/2020
CA,PAYM-34,Payment_qfrbsts,86,139,222,363,congue,3/29/2020,6/22/2021
CA,PAYM-15,Payment_ijdjpqj,4,124,262,365,nec,6/16/2019,5/6/2021
MO,PAYM-46,Payment_gpq2hcr,71,174,297,384,nulla,3/24/2020,5/8/2022
FL,PAYM-34,Payment_ouazafs,15,148,227,315,donec,2/15/2020,12/15/2021
TX,PAYM-61,Payment_ata91wg,87,188,213,338,massa,5/25/2020,7/18/2021
AR,PAYM-51,Payment_jpusdkf,75,181,255,398,duis,12/24/2019,10/14/2020
MS,PAYM-19,Payment_jumusgn,2,182,208,325,diam,2/17/2020,10/9/2021
IN,PAYM-63,Payment_jxjsqwx,89,112,229,391,mi,9/9/2019,4/20/2021
FL,PAYM-89,Payment_scj11wu,88,164,216,383,in,1/30/2020,1/27/2022
AL,PAYM-76,Payment_hpx48ll,27,127,233,338,nisl,3/25/2020,12/4/2021
AZ,PAYM-83,Payment_pdocelw,29,119,210,315,sapien,10/6/2019,2/1/2022
CA,PAYM-15,Payment_mqv3mfn,4,179,298,303,nulla,8/17/2019,10/18/2020
MO,PAYM-02,Payment_mgd47ni,94,105,219,324,velit,9/10/2019,10/19/2021
PA,PAYM-48,Payment_lzvc6td,46,176,253,342,ante,5/13/2019,10/4/2020
NY,PAYM-06,Payment_ndhz9on,96,140,297,315,parturient,4/23/2020,7/15/2021
NY,PAYM-15,Payment_gwrbsci,66,171,248,350,nam,4/5/2020,5/27/2021
CO,PAYM-64,Payment_spifzig,5,116,273,353,pharetra,6/8/2019,9/27/2021
CA,PAYM-57,Payment_bdo1zkb,96,116,215,357,eleifend,10/11/2019,3/30/2021
NE,PAYM-50,Payment_zysh3en,9,153,219,400,molestie,4/26/2020,8/1/2020
MI,PAYM-02,Payment_npgf8wm,97,159,270,313,aliquam,4/9/2020,7/26/2020
MD,PAYM-13,Payment_lrn9vis,40,153,221,350,lectus,10/1/2019,5/6/2021
IA,PAYM-87,Payment_nyqjqfu,93,136,205,355,neque,9/30/2019,8/15/2021
FL,PAYM-39,Payment_nrjemnw,58,200,284,344,a,1/30/2020,11/25/2020
NY,PAYM-48,Payment_ggzavmb,77,175,288,397,sodales,11/10/2019,9/29/2020
VA,PAYM-57,Payment_vgo3xzr,13,167,256,322,luctus,4/6/2020,2/21/2022
CO,PAYM-51,Payment_oufvleu,66,152,223,388,duis,10/9/2019,11/6/2021
AL,PAYM-47,Payment_iiombwj,13,136,217,315,at,12/14/2019,10/13/2021
TX,PAYM-95,Payment_jmgswrf,20,151,263,310,ultrices,2/27/2020,5/23/2022
FL,PAYM-44,Payment_jtmc3uh,91,197,280,304,maecenas,1/12/2020,1/20/2021
OK,PAYM-38,Payment_uenopls,83,143,261,301,ac,1/10/2020,1/4/2022
MA,PAYM-13,Payment_xhqnoig,47,106,227,343,in,1/26/2020,4/1/2022
NY,PAYM-29,Payment_jmx8kol,7,107,283,360,placerat,7/3/2019,11/8/2021
FL,PAYM-99,Payment_imp0sfy,88,196,293,385,vel,4/9/2020,4/7/2022
FL,PAYM-95,Payment_vwt4ond,80,162,215,391,eros,11/27/2019,9/6/2021
OH,PAYM-27,Payment_taswxrk,85,145,205,324,cum,4/29/2020,3/9/2021
IN,PAYM-78,Payment_cvbetyq,25,144,241,372,vel,7/3/2019,4/22/2022
NY,PAYM-62,Payment_yfroqnx,77,173,252,318,nulla,11/15/2019,4/29/2021
SC,PAYM-01,Payment_whq3ycb,19,194,233,365,donec,3/1/2020,3/2/2022
NY,PAYM-68,Payment_mvjemps,1,111,282,396,amet,2/19/2020,4/4/2022
IN,PAYM-39,Payment_doq81ip,71,155,225,362,neque,9/13/2019,2/7/2021
KS,PAYM-09,Payment_kgk75oi,32,121,237,324,a,5/10/2019,1/7/2021
SC,PAYM-08,Payment_bmgpbaj,92,167,266,315,libero,3/19/2020,12/8/2020
KY,PAYM-02,Payment_pog14nu,58,178,234,353,et,12/23/2019,8/28/2020
CA,PAYM-77,Payment_sbnf7ge,86,184,250,353,volutpat,3/13/2020,10/5/2021
TX,PAYM-13,Payment_ran3ggx,11,116,215,356,volutpat,3/31/2020,6/16/2021
MA,PAYM-35,Payment_emuvimm,79,170,236,374,convallis,10/9/2019,10/16/2020
VA,PAYM-71,Payment_majjmbg,84,138,277,354,elit,10/4/2019,5/10/2021
TX,PAYM-50,Payment_iff5rfb,68,102,230,386,a,6/1/2019,3/15/2021
NV,PAYM-84,Payment_qvuhdty,34,109,207,351,dapibus,8/20/2019,2/13/2022
CA,PAYM-92,Payment_pjwxsyo,91,151,298,307,pharetra,11/22/2019,12/16/2021
CA,PAYM-75,Payment_ugg1rjc,58,192,238,351,aliquet,10/7/2019,8/3/2020
FL,PAYM-94,Payment_mzcwzpk,33,154,260,388,luctus,5/23/2019,11/14/2020
FL,PAYM-92,Payment_lnoy4zq,12,180,298,349,ultrices,9/4/2019,1/16/2021
NC,PAYM-76,Payment_dfou7nr,41,128,246,371,in,1/13/2020,9/5/2020
CA,PAYM-64,Payment_djvc8dx,27,168,219,344,et,11/23/2019,11/1/2021
VA,PAYM-78,Payment_hgib3xy,12,128,295,343,pretium,1/16/2020,6/8/2021
CO,PAYM-08,Payment_eitlmej,5,199,236,362,dapibus,5/8/2020,10/27/2020
MN,PAYM-03,Payment_evcfugx,49,104,264,352,ut,6/19/2019,11/17/2021
FL,PAYM-48,Payment_nrjjwjp,95,120,272,328,aliquet,5/4/2020,9/1/2021
AZ,PAYM-39,Payment_oaz1mdd,43,143,202,309,vulputate,10/18/2019,3/19/2022
TX,PAYM-42,Payment_rreukof,44,186,268,358,turpis,10/15/2019,9/9/2020
CA,PAYM-07,Payment_txcpglg,54,178,263,374,morbi,1/30/2020,3/26/2022
SC,PAYM-57,Payment_onch6zz,73,120,238,306,amet,3/7/2020,7/3/2020
TX,PAYM-41,Payment_ahr9apy,15,181,296,345,in,7/30/2019,1/13/2022
CO,PAYM-49,Payment_lihttqj,76,166,205,393,pellentesque,8/17/2019,9/4/2021
AL,PAYM-79,Payment_xbozhiu,6,106,224,395,sem,6/21/2019,11/1/2021
HI,PAYM-38,Payment_gof2qmn,60,164,261,351,phasellus,9/22/2019,7/11/2020
CT,PAYM-76,Payment_eja2ffr,76,115,300,340,ante,9/27/2019,5/18/2022
AL,PAYM-62,Payment_kcjigkk,87,135,242,395,congue,5/27/2020,11/28/2021
CA,PAYM-77,Payment_nbe2ymv,87,174,266,390,rhoncus,1/7/2020,7/17/2021
MI,PAYM-21,Payment_slxzqia,20,192,288,334,penatibus,5/11/2020,4/26/2021
FL,PAYM-08,Payment_sejqila,85,194,292,307,purus,2/4/2020,8/30/2021
VA,PAYM-70,Payment_lvmp9ig,40,150,270,313,maecenas,10/9/2019,5/26/2021
NC,PAYM-16,Payment_mhpxhqe,85,176,227,368,turpis,5/9/2019,3/30/2021
OH,PAYM-16,Payment_ciyp8fw,52,200,271,384,sapien,5/11/2020,10/7/2020
CA,PAYM-47,Payment_bahxxap,60,149,259,393,posuere,4/14/2020,2/13/2021
NY,PAYM-14,Payment_lchkhbw,58,190,274,395,integer,9/26/2019,4/28/2021
TX,PAYM-13,Payment_hqvbwjp,1,119,235,363,sapien,3/3/2020,8/6/2021
MI,PAYM-20,Payment_kqfgdti,86,117,215,352,magna,3/27/2020,3/27/2022
AL,PAYM-96,Payment_faoyyra,59,148,225,314,luctus,5/7/2019,7/3/2021
TX,PAYM-56,Payment_qmbjekh,42,116,208,337,semper,4/23/2020,11/16/2021
MI,PAYM-77,Payment_zgm5kyx,23,140,224,358,rhoncus,7/24/2019,6/22/2021
WI,PAYM-93,Payment_emfa7dv,30,157,232,323,nullam,5/25/2019,3/24/2021
TX,PAYM-88,Payment_sol8wwl,79,199,215,363,ut,2/2/2020,11/29/2021
TX,PAYM-31,Payment_jbf5uuj,26,142,260,340,habitasse,5/8/2020,2/2/2021
CA,PAYM-20,Payment_wng8uag,98,106,226,312,odio,5/5/2020,2/3/2022
TX,PAYM-31,Payment_ziwxffd,73,128,289,342,a,5/24/2019,9/17/2020
TN,PAYM-61,Payment_lytkcow,41,120,288,318,hac,10/22/2019,1/7/2021
PA,PAYM-84,Payment_rbi48ac,45,199,272,388,ante,9/29/2019,12/31/2020
MD,PAYM-58,Payment_udwk6jp,32,142,202,336,rhoncus,9/2/2019,9/27/2020
NY,PAYM-93,Payment_twu5hqt,60,179,277,310,sapien,1/3/2020,3/3/2021
AZ,PAYM-23,Payment_eez0bkp,7,195,240,335,ultrices,1/12/2020,11/18/2020
WV,PAYM-46,Payment_bcrvepn,73,126,252,344,nisi,5/23/2019,7/22/2020
CA,PAYM-32,Payment_tbuynnl,36,179,218,353,varius,6/1/2019,8/7/2021
TN,PAYM-12,Payment_hpd3pyh,38,144,242,337,lobortis,5/16/2020,12/5/2021
FL,PAYM-10,Payment_xsi3uob,56,120,299,301,sollicitudin,10/15/2019,4/19/2021
NY,PAYM-27,Payment_sodoytk,37,155,273,348,ut,7/5/2019,11/6/2020
CT,PAYM-61,Payment_erlxiwh,61,120,263,390,proin,4/26/2020,8/6/2021
PA,PAYM-73,Payment_hpzdudm,45,145,240,319,purus,5/15/2019,10/17/2021
UT,PAYM-20,Payment_akht5by,62,122,203,369,nam,9/16/2019,9/5/2021
DC,PAYM-74,Payment_mpwftjj,19,172,215,321,ut,8/22/2019,2/13/2021
MA,PAYM-76,Payment_xyrsqxh,7,144,215,351,hac,5/27/2020,12/13/2020
FL,PAYM-95,Payment_uoosgco,90,144,201,400,quisque,10/2/2019,1/23/2022
IN,PAYM-45,Payment_nzdoqer,41,139,267,315,ut,12/30/2019,5/12/2022
MA,PAYM-54,Payment_tcob1rj,94,128,300,398,est,5/23/2019,4/8/2021
PA,PAYM-75,Payment_rxsvvso,88,135,264,301,potenti,12/22/2019,7/21/2020
NC,PAYM-02,Payment_ybordwn,95,182,238,400,cubilia,9/23/2019,12/2/2021
IL,PAYM-54,Payment_fggfmql,73,103,277,332,luctus,7/29/2019,3/23/2022
FL,PAYM-12,Payment_iceowvb,55,118,263,324,in,8/4/2019,12/11/2021
IN,PAYM-84,Payment_ote75ri,48,174,290,318,suscipit,12/15/2019,3/26/2022
FL,PAYM-95,Payment_bosx2pr,30,197,286,342,habitasse,12/12/2019,3/3/2022
PA,PAYM-16,Payment_nlsx0zi,50,129,222,343,donec,6/2/2019,3/10/2022
AZ,PAYM-91,Payment_ynxhasd,22,108,245,383,ultrices,10/30/2019,11/28/2021
DC,PAYM-73,Payment_bwqpuiv,16,171,284,398,sit,10/1/2019,10/9/2020
MO,PAYM-96,Payment_iqulmvx,14,115,232,366,lacus,11/30/2019,7/6/2021
MT,PAYM-06,Payment_ohv4gfg,37,137,272,327,quisque,11/17/2019,10/15/2020
TX,PAYM-06,Payment_syj0gvw,63,186,235,394,volutpat,7/19/2019,3/30/2022
NV,PAYM-87,Payment_etobipj,65,127,235,337,pulvinar,5/11/2019,11/30/2020
CA,PAYM-27,Payment_hsd0gic,62,148,295,340,morbi,6/30/2019,6/22/2021
WI,PAYM-53,Payment_bsy88et,46,129,213,322,sapien,11/27/2019,8/23/2021
MI,PAYM-21,Payment_qru1git,79,118,224,332,aliquam,5/14/2019,9/17/2020
DC,PAYM-67,Payment_abc1mkx,82,190,211,382,at,6/6/2019,8/9/2021
CA,PAYM-92,Payment_wmxodgq,68,145,238,338,nullam,5/20/2019,1/9/2022
MO,PAYM-75,Payment_wfyxxcj,16,129,229,332,elementum,4/3/2020,9/21/2021
CO,PAYM-97,Payment_xuwl9qn,37,155,289,390,integer,5/17/2020,12/20/2021
FL,PAYM-62,Payment_knru0ea,93,153,205,324,cras,10/18/2019,8/11/2021
TN,PAYM-59,Payment_plgd1md,15,115,227,387,elementum,4/6/2020,12/25/2020
IL,PAYM-30,Payment_kwf6uwk,43,159,242,324,lacinia,10/18/2019,8/16/2020
CA,PAYM-77,Payment_mol48zs,71,103,289,400,parturient,7/9/2019,3/12/2022
TX,PAYM-50,Payment_lln1qvt,19,190,251,321,posuere,3/30/2020,11/12/2020
TX,PAYM-63,Payment_mxu3zav,63,190,252,310,magna,11/18/2019,7/28/2020
NV,PAYM-19,Payment_pif6vuv,34,141,260,351,quis,12/5/2019,1/7/2022
TX,PAYM-84,Payment_lhq7lek,11,147,291,337,non,3/13/2020,3/18/2022
OR,PAYM-65,Payment_vxam9kz,20,126,219,351,in,9/11/2019,1/15/2022
WA,PAYM-82,Payment_jcekyig,84,119,243,375,sed,1/11/2020,3/1/2021
NY,PAYM-36,Payment_nbalsgn,97,117,219,381,mauris,3/2/2020,7/20/2021
TX,PAYM-28,Payment_fifnlxu,26,177,273,355,mi,2/6/2020,4/28/2022
NJ,PAYM-90,Payment_alky1yk,92,126,223,323,sociis,9/17/2019,10/18/2021
MN,PAYM-46,Payment_lplghvk,57,128,295,377,tellus,1/4/2020,10/14/2020
VA,PAYM-65,Payment_klyv8kd,21,106,292,341,montes,8/27/2019,12/23/2020
TX,PAYM-93,Payment_rdwqqmg,68,159,284,380,sed,8/6/2019,5/24/2021
TX,PAYM-71,Payment_wymzwvy,61,199,221,323,ut,2/7/2020,1/7/2022
DC,PAYM-44,Payment_knfnexi,86,103,205,385,mauris,8/22/2019,9/4/2021
TN,PAYM-50,Payment_iyfbqzq,50,166,264,308,justo,7/2/2019,6/15/2021
NV,PAYM-84,Payment_ilq1qdb,85,172,269,334,nisl,2/19/2020,11/30/2021
NV,PAYM-91,Payment_aea6lgr,41,180,207,323,orci,4/19/2020,7/19/2021
NC,PAYM-62,Payment_jnmdgri,86,122,204,389,lobortis,7/5/2019,3/9/2022
MI,PAYM-46,Payment_dtik9xj,55,154,259,301,pretium,1/17/2020,10/4/2020
OH,PAYM-77,Payment_tnthjjz,69,163,251,350,in,3/8/2020,2/26/2022
ID,PAYM-73,Payment_dpjwzps,70,172,278,388,mattis,9/10/2019,5/27/2022
AZ,PAYM-25,Payment_mbm96bt,12,190,202,326,consequat,12/8/2019,4/6/2022
KY,PAYM-78,Payment_xsazaec,52,181,290,323,nam,5/27/2019,11/30/2020
KS,PAYM-61,Payment_knhtzei,70,120,283,358,at,5/25/2020,12/20/2020
MN,PAYM-24,Payment_ill4xrw,90,197,267,360,augue,8/16/2019,11/10/2021
IN,PAYM-87,Payment_cqv7xam,58,126,291,316,elementum,5/3/2020,3/6/2021
TN,PAYM-61,Payment_gwjgohb,72,138,265,323,aliquam,8/29/2019,11/28/2021
IN,PAYM-48,Payment_fqzl8gp,37,146,226,330,ac,7/17/2019,2/25/2022
DC,PAYM-23,Payment_jxdtorr,89,153,208,355,leo,5/13/2020,1/7/2022
NY,PAYM-45,Payment_semu0zt,88,105,292,303,a,10/28/2019,4/19/2022
TX,PAYM-73,Payment_zom6rmf,69,148,284,357,sed,10/16/2019,1/9/2021
FL,PAYM-70,Payment_nrrfrqi,63,144,212,381,mauris,11/28/2019,6/6/2021
WA,PAYM-23,Payment_qkmxzxs,77,105,256,305,quam,1/9/2020,1/20/2022
OK,PAYM-49,Payment_htw96gm,49,153,272,335,quam,5/3/2020,2/7/2021
FL,PAYM-46,Payment_neg2ikx,61,143,278,317,maecenas,2/2/2020,2/4/2022
GA,PAYM-76,Payment_luf10uv,98,112,256,347,luctus,1/31/2020,1/15/2022
MI,PAYM-18,Payment_egwg8au,97,155,248,377,hac,6/18/2019,8/31/2021
OK,PAYM-43,Payment_mfx2oqw,43,170,209,310,luctus,2/23/2020,4/5/2021
FL,PAYM-10,Payment_qic61se,77,114,267,340,enim,12/5/2019,6/19/2021
NV,PAYM-88,Payment_uae3xmb,10,167,278,375,cras,3/12/2020,2/16/2022
PA,PAYM-68,Payment_cnyj6rd,83,158,210,351,nec,6/29/2019,2/16/2021
OK,PAYM-98,Payment_hbzllap,89,103,297,397,libero,5/27/2019,7/31/2021
GA,PAYM-04,Payment_esebrph,76,120,203,320,nibh,7/26/2019,12/22/2021
FL,PAYM-72,Payment_gjcs1nf,46,145,228,384,penatibus,11/30/2019,5/10/2021
MI,PAYM-39,Payment_tbstuih,88,138,281,306,bibendum,4/27/2020,1/27/2022
MI,PAYM-52,Payment_vwqwkvk,20,130,209,382,habitasse,7/13/2019,5/28/2021
AL,PAYM-62,Payment_aok2xeu,85,120,260,393,dui,5/7/2020,4/12/2022
KS,PAYM-13,Payment_hfa96jp,40,187,281,353,vitae,6/7/2019,2/22/2021
SC,PAYM-39,Payment_ypbj3vo,97,182,266,323,aliquet,12/20/2019,12/22/2021
MD,PAYM-79,Payment_abezwjq,63,181,272,309,mauris,11/3/2019,5/2/2021
AK,PAYM-86,Payment_pdredfd,89,159,224,307,in,5/14/2020,10/6/2020
MA,PAYM-09,Payment_gbzvgyb,11,111,265,319,neque,11/26/2019,12/17/2020
VA,PAYM-23,Payment_bnw1oqb,47,160,237,338,felis,6/1/2019,3/5/2021
TX,PAYM-60,Payment_otx29si,80,149,236,303,hac,8/5/2019,8/18/2020
CO,PAYM-62,Payment_uhcofeu,66,136,292,301,turpis,8/15/2019,11/13/2021
AR,PAYM-14,Payment_lyodzzi,18,146,227,377,sagittis,11/13/2019,10/2/2021
TX,PAYM-04,Payment_othh4da,51,187,216,332,nibh,9/3/2019,8/16/2021
CA,PAYM-85,Payment_tkhl6pn,14,151,272,353,eu,2/14/2020,10/29/2020
DC,PAYM-79,Payment_gedlgdh,80,132,235,356,in,12/21/2019,5/21/2022
AR,PAYM-20,Payment_imsk2oq,73,190,263,384,nulla,5/10/2020,12/19/2020
IL,PAYM-60,Payment_erjcpuv,97,199,286,340,maecenas,12/28/2019,7/10/2020
MN,PAYM-67,Payment_ybfzepj,14,121,239,313,erat,9/19/2019,12/14/2021
TX,PAYM-21,Payment_qemeziu,19,198,299,382,ipsum,5/13/2020,3/31/2022
SC,PAYM-67,Payment_txuo6pe,69,121,218,380,suspendisse,12/6/2019,11/15/2020
IN,PAYM-04,Payment_wmbbqlu,76,188,224,377,viverra,7/17/2019,7/1/2021
AL,PAYM-98,Payment_gogf3iz,32,156,247,383,turpis,1/12/2020,8/1/2020
KY,PAYM-16,Payment_amizagd,94,197,208,344,ut,2/10/2020,12/26/2020
OK,PAYM-41,Payment_iwkpzmb,5,147,228,399,posuere,12/22/2019,9/8/2021
MO,PAYM-72,Payment_iwy26su,94,180,239,333,velit,9/25/2019,1/9/2022
TN,PAYM-04,Payment_cvhk0rm,97,141,211,304,at,10/14/2019,10/11/2021
NC,PAYM-22,Payment_hea2yij,46,192,246,369,semper,11/28/2019,1/9/2022
DC,PAYM-70,Payment_znn5wbt,66,200,217,350,ultrices,9/24/2019,5/24/2021
OH,PAYM-66,Payment_ivd1uiw,88,126,249,393,enim,3/3/2020,3/19/2022
NY,PAYM-94,Payment_ofak3ui,23,113,249,319,potenti,1/9/2020,4/3/2021
CA,PAYM-48,Payment_saf6qjr,85,182,288,309,tristique,11/1/2019,10/30/2021
VA,PAYM-63,Payment_tksylom,93,198,266,305,aenean,12/1/2019,4/23/2022
OH,PAYM-12,Payment_xrfadip,42,149,291,341,sit,8/12/2019,8/28/2020
MT,PAYM-83,Payment_realmtp,63,142,259,383,tristique,1/18/2020,12/11/2021
GA,PAYM-26,Payment_exeunnk,43,112,263,359,massa,7/21/2019,5/10/2021
WI,PAYM-63,Payment_uxcdpwm,90,135,256,383,purus,9/28/2019,1/26/2022
CA,PAYM-50,Payment_eykqhfu,72,192,270,324,amet,2/11/2020,3/21/2022
AZ,PAYM-09,Payment_ieut5mt,82,131,233,362,placerat,4/10/2020,5/25/2021
VA,PAYM-93,Payment_frixwfn,60,163,269,389,id,10/15/2019,11/24/2021
NC,PAYM-86,Payment_loq5nlt,51,173,272,375,congue,12/27/2019,9/7/2021
GA,PAYM-48,Payment_prrqciq,60,153,231,337,non,2/29/2020,11/18/2020
SC,PAYM-16,Payment_ldgmyeq,64,148,216,301,amet,1/12/2020,5/2/2022
NV,PAYM-83,Payment_xltk8kg,4,117,254,400,in,12/19/2019,1/22/2022
OK,PAYM-57,Payment_ywoo8nm,68,193,245,351,nulla,11/9/2019,5/26/2022
FL,PAYM-33,Payment_oev5ngr,56,148,256,321,interdum,9/12/2019,4/13/2022
HI,PAYM-84,Payment_bowscxo,45,132,236,386,augue,7/18/2019,8/13/2021
FL,PAYM-80,Payment_axudaie,45,102,201,311,enim,3/4/2020,2/13/2022
WI,PAYM-20,Payment_lxx36ct,36,173,256,328,aliquet,6/3/2019,7/29/2020
IN,PAYM-34,Payment_rkq0itn,33,174,223,301,faucibus,4/13/2020,4/23/2022
IL,PAYM-46,Payment_hry0xnn,74,128,241,373,penatibus,7/8/2019,4/25/2022
CA,PAYM-62,Payment_nyfeere,31,138,243,322,elit,7/10/2019,3/4/2021
CA,PAYM-73,Payment_uvfscxz,69,184,258,374,aenean,5/8/2020,5/19/2022
DC,PAYM-34,Payment_scnnoit,34,186,216,384,libero,9/20/2019,7/8/2021
LA,PAYM-28,Payment_mgrtfrc,88,109,281,388,luctus,9/14/2019,3/31/2021
GA,PAYM-23,Payment_wobnyjk,65,143,261,319,morbi,10/29/2019,4/19/2022
CT,PAYM-94,Payment_veqy3en,86,114,281,353,velit,5/15/2020,8/4/2020
CA,PAYM-57,Payment_stqwmbf,50,162,251,318,ultricies,12/14/2019,2/14/2022
NJ,PAYM-37,Payment_zfq7gnw,63,116,283,344,magna,1/6/2020,9/6/2020
IN,PAYM-32,Payment_osvstyr,20,152,269,363,velit,2/23/2020,2/15/2022
CO,PAYM-36,Payment_mge93tk,93,128,271,325,quam,4/26/2020,11/8/2020
MN,PAYM-22,Payment_kqlqcqo,36,162,223,331,diam,6/28/2019,11/28/2020
TX,PAYM-85,Payment_ycf0lgi,14,186,224,302,faucibus,12/23/2019,8/11/2021
TX,PAYM-81,Payment_zff1fzo,55,173,263,373,diam,2/6/2020,3/28/2022
MO,PAYM-29,Payment_qgmsijc,53,122,247,369,at,9/27/2019,1/6/2022
MI,PAYM-88,Payment_hsyxtxa,68,131,274,384,rhoncus,3/12/2020,4/1/2022
CA,PAYM-48,Payment_nrm9tlu,8,183,221,343,vestibulum,10/29/2019,9/3/2021
TX,PAYM-26,Payment_gsbmnsp,60,167,269,371,amet,8/17/2019,12/28/2020
TX,PAYM-28,Payment_cvd5shx,82,156,261,309,maecenas,7/20/2019,3/28/2022
GA,PAYM-19,Payment_brhhodr,12,158,218,316,mi,4/17/2020,3/27/2022
TX,PAYM-46,Payment_mgphbwp,55,199,297,343,sit,8/30/2019,1/31/2022
PA,PAYM-30,Payment_pszhlpp,87,186,207,369,mattis,3/4/2020,6/20/2021
CO,PAYM-20,Payment_oju40dh,55,162,243,334,nam,12/18/2019,10/26/2021
MI,PAYM-71,Payment_cnsp0oe,92,198,279,385,odio,4/21/2020,4/11/2022
CA,PAYM-02,Payment_fwiy8um,70,150,292,328,sollicitudin,9/9/2019,8/15/2020
IN,PAYM-70,Payment_gyt1bjp,82,109,228,366,vel,3/5/2020,5/26/2021
FL,PAYM-57,Payment_tpxn2mu,45,114,205,359,ut,11/28/2019,10/1/2021
DC,PAYM-60,Payment_zqbebuf,18,119,251,382,rutrum,8/13/2019,4/28/2021
CO,PAYM-20,Payment_ydmvdhl,45,122,282,301,morbi,4/12/2020,4/5/2022
CA,PAYM-00,Payment_uihsegx,1,107,277,373,urna,12/8/2019,7/18/2020
VA,PAYM-09,Payment_pzolhoe,19,103,254,333,consectetuer,5/29/2019,5/16/2022
WI,PAYM-50,Payment_nrw2tjz,87,194,235,370,id,4/23/2020,3/14/2021
NV,PAYM-04,Payment_ddlvybt,28,185,261,344,viverra,6/12/2019,11/22/2020
TX,PAYM-23,Payment_tbsd5vd,56,121,254,348,pede,6/24/2019,7/23/2021
AL,PAYM-11,Payment_suy26uj,83,120,273,344,tempor,2/24/2020,10/9/2020
MO,PAYM-83,Payment_iuf9vsx,4,134,291,389,magna,1/4/2020,10/14/2021
NY,PAYM-90,Payment_svv63da,19,199,227,347,ac,12/7/2019,4/7/2021
CA,PAYM-13,Payment_brptikd,3,111,230,345,libero,5/26/2019,7/14/2021
FL,PAYM-84,Payment_adk22zo,23,152,221,381,consequat,3/18/2020,9/1/2021
IN,PAYM-65,Payment_lze2kwd,59,132,291,327,nulla,8/6/2019,7/8/2020
VA,PAYM-04,Payment_skvbdrj,79,152,288,347,volutpat,2/17/2020,3/1/2022
MO,PAYM-26,Payment_lcenxsy,15,127,285,307,vel,3/10/2020,7/21/2021
OH,PAYM-41,Payment_gclnuxl,91,132,293,304,ac,5/12/2019,7/31/2021
NC,PAYM-23,Payment_qvpzcbn,96,151,219,387,sit,8/19/2019,3/28/2021
AL,PAYM-47,Payment_hov2xej,22,172,240,384,ipsum,6/4/2019,3/5/2022
DC,PAYM-72,Payment_fmsh9yn,5,127,255,304,proin,6/10/2019,9/17/2021
MN,PAYM-10,Payment_fwss3dh,52,166,215,387,tortor,1/15/2020,1/17/2022
PA,PAYM-12,Payment_pwboggr,29,192,291,324,aliquam,3/23/2020,1/16/2022
CA,PAYM-52,Payment_lqmnriz,44,100,265,352,ut,7/12/2019,5/11/2022
NJ,PAYM-67,Payment_gblalkp,69,154,285,387,vivamus,4/21/2020,11/25/2021
AL,PAYM-23,Payment_ncek8dy,87,176,229,340,mus,11/29/2019,4/9/2021
TX,PAYM-66,Payment_ciivdbt,90,147,247,369,commodo,12/4/2019,8/13/2021
MO,PAYM-81,Payment_eir3xqz,5,159,286,364,nulla,2/16/2020,3/18/2022
TN,PAYM-86,Payment_fze9adi,82,160,289,325,ultrices,2/17/2020,2/28/2022
CA,PAYM-70,Payment_rerfvyj,29,148,206,396,rutrum,3/18/2020,1/8/2021
CA,PAYM-60,Payment_mtc2hew,2,151,296,317,enim,4/3/2020,7/7/2021
CA,PAYM-59,Payment_ijh84jx,59,193,244,360,consequat,9/28/2019,4/12/2022
CO,PAYM-29,Payment_vgbzpdb,35,119,217,322,placerat,1/18/2020,3/21/2021
NY,PAYM-68,Payment_adcmlnf,97,184,202,335,eros,9/18/2019,10/19/2021
MN,PAYM-07,Payment_yog8fuc,67,102,211,343,vestibulum,5/9/2020,5/6/2022
KY,PAYM-52,Payment_jlqwtsr,22,141,201,309,natoque,5/12/2020,7/29/2020
CA,PAYM-16,Payment_gtyqvwo,94,126,205,372,montes,1/17/2020,6/28/2021
KS,PAYM-82,Payment_rkcpgzv,74,147,284,345,duis,2/27/2020,1/4/2021
AL,PAYM-32,Payment_zemcmoc,81,125,233,380,vel,7/4/2019,4/2/2021
VA,PAYM-50,Payment_nfybyfi,20,125,222,380,integer,9/3/2019,9/29/2021
CA,PAYM-07,Payment_eosvxlo,4,142,209,315,id,9/30/2019,7/15/2021
NY,PAYM-10,Payment_rthaohp,3,100,230,318,ipsum,9/15/2019,4/3/2021
CO,PAYM-29,Payment_iikb7bj,29,178,258,352,odio,4/29/2020,6/30/2020
MD,PAYM-31,Payment_udghfbc,4,134,227,301,faucibus,5/8/2020,12/7/2020
OH,PAYM-89,Payment_vrcx7tg,91,101,298,388,habitasse,9/4/2019,6/2/2021
NC,PAYM-85,Payment_zol6quo,36,159,243,397,vestibulum,2/13/2020,8/22/2020
MT,PAYM-90,Payment_uuc2ksa,16,158,204,353,in,2/28/2020,9/11/2021
GA,PAYM-29,Payment_qdod2ry,31,199,280,317,et,8/21/2019,8/20/2020
KY,PAYM-71,Payment_ihsczyl,22,192,215,344,vestibulum,8/1/2019,3/28/2021
FL,PAYM-18,Payment_vrhbypn,80,183,270,311,aliquam,9/25/2019,7/19/2021
GA,PAYM-13,Payment_dcj6enj,6,190,289,351,sit,5/13/2019,6/16/2021
MI,PAYM-77,Payment_wxqqaej,66,107,248,356,in,9/29/2019,5/3/2021
TX,PAYM-28,Payment_zmmhrxv,36,184,237,337,est,4/8/2020,6/10/2021
HI,PAYM-23,Payment_nqo4ihj,46,105,270,343,mattis,3/15/2020,8/21/2021
CA,PAYM-50,Payment_rwpjgju,8,180,254,380,consequat,10/30/2019,2/21/2021
KY,PAYM-63,Payment_pzx5mqb,58,139,299,380,nascetur,10/30/2019,9/8/2021
SC,PAYM-92,Payment_vdbqxjb,50,182,259,332,ultrices,6/5/2019,10/2/2021
MI,PAYM-04,Payment_xhhqxpm,17,144,244,326,massa,7/20/2019,1/23/2021
FL,PAYM-32,Payment_ftz15uo,52,113,272,306,est,5/7/2020,8/24/2020
OR,PAYM-39,Payment_kif5wbr,74,111,273,323,augue,5/31/2019,3/15/2021
MN,PAYM-10,Payment_yke4rkz,58,100,205,400,aliquam,12/27/2019,7/18/2020
CA,PAYM-59,Payment_ntpgjvq,14,196,261,328,lectus,9/9/2019,10/23/2021
VA,PAYM-40,Payment_qxsmumh,5,105,241,310,erat,6/15/2019,12/16/2021
NY,PAYM-34,Payment_ucasohb,17,122,298,301,proin,5/18/2020,4/3/2022
KY,PAYM-57,Payment_biz72hg,32,188,276,348,volutpat,1/17/2020,2/11/2021
NV,PAYM-13,Payment_gdqw6de,82,166,217,302,feugiat,8/17/2019,7/26/2021
CA,PAYM-57,Payment_tegb2rv,85,180,240,320,non,10/26/2019,12/16/2020
LA,PAYM-13,Payment_bqpddzf,80,111,202,342,quis,8/23/2019,1/15/2021
MA,PAYM-06,Payment_qxn07ts,33,132,258,332,rhoncus,9/8/2019,5/7/2021
KS,PAYM-16,Payment_hyb9xvy,95,131,267,305,in,7/1/2019,2/12/2022
PA,PAYM-85,Payment_prz29mj,32,149,285,326,quis,8/19/2019,4/22/2022
OK,PAYM-64,Payment_vcnk1rf,79,193,260,371,vitae,9/29/2019,2/9/2022
OH,PAYM-66,Payment_dcap4ez,25,109,236,369,varius,7/26/2019,11/19/2020
CA,PAYM-76,Payment_fbxiryu,89,133,256,329,curabitur,6/14/2019,9/6/2020
TN,PAYM-74,Payment_usootzx,82,112,273,317,pellentesque,1/22/2020,12/13/2020
TX,PAYM-46,Payment_faddevs,40,184,277,329,in,4/3/2020,6/12/2021
GA,PAYM-54,Payment_ksuerjd,93,109,267,392,elementum,10/31/2019,7/1/2020
AZ,PAYM-92,Payment_citrgkm,87,186,287,316,venenatis,4/24/2020,4/28/2022
CA,PAYM-10,Payment_kdatdwf,69,144,255,302,nec,5/13/2020,8/7/2021
DC,PAYM-05,Payment_uhq5jbr,60,130,271,374,tincidunt,6/24/2019,10/11/2021
OK,PAYM-62,Payment_nbcniqs,21,177,262,344,morbi,12/31/2019,4/1/2021
NY,PAYM-89,Payment_exeqtwk,41,168,281,336,euismod,5/16/2020,11/24/2020
KY,PAYM-38,Payment_tdnwtne,5,116,285,323,sapien,4/3/2020,1/14/2021
MO,PAYM-80,Payment_dgumspx,44,111,257,355,vel,8/24/2019,3/30/2022
CA,PAYM-76,Payment_mkodagu,7,162,209,319,nam,11/14/2019,2/13/2021
GA,PAYM-30,Payment_knsmmou,75,101,224,322,et,5/4/2020,12/27/2021
WA,PAYM-68,Payment_ixk24ow,50,188,203,304,ipsum,12/31/2019,8/6/2021
TX,PAYM-47,Payment_gwo6shl,36,151,246,342,rutrum,1/2/2020,12/25/2020
MI,PAYM-81,Payment_ubeovuq,68,103,280,386,lectus,1/19/2020,12/15/2020
TN,PAYM-48,Payment_atc24tt,43,184,209,350,sit,9/6/2019,8/28/2020
NY,PAYM-68,Payment_osrf5oe,4,192,234,308,quisque,2/6/2020,10/26/2020
CA,PAYM-55,Payment_kxsghsr,94,111,298,311,molestie,7/10/2019,10/2/2021
KY,PAYM-28,Payment_trobmqd,66,187,278,333,amet,6/8/2019,12/17/2020
VA,PAYM-51,Payment_uwbdyeb,85,109,214,334,ut,2/2/2020,5/4/2021
RI,PAYM-97,Payment_awkh5kj,50,162,220,333,in,5/8/2019,11/25/2021
NY,PAYM-66,Payment_rhfwhdz,1,179,226,338,volutpat,9/16/2019,7/29/2021
DC,PAYM-76,Payment_oaxvola,17,118,288,390,quam,1/31/2020,3/25/2022
PA,PAYM-26,Payment_wctpxkj,77,175,291,313,nulla,5/21/2020,10/6/2020
OR,PAYM-78,Payment_yvgersz,77,193,253,305,ut,7/6/2019,6/13/2021
CA,PAYM-08,Payment_trmdtpj,4,190,226,390,pharetra,7/12/2019,11/2/2020
PA,PAYM-78,Payment_jtdzbqw,6,179,276,324,porttitor,1/12/2020,12/4/2021
NY,PAYM-57,Payment_mpubtpy,28,146,246,372,pulvinar,12/19/2019,2/16/2022
FL,PAYM-03,Payment_gdi9utl,8,134,271,342,diam,11/13/2019,7/28/2021
NY,PAYM-78,Payment_equx7fq,72,157,222,331,aliquam,10/2/2019,5/27/2021
TX,PAYM-11,Payment_oud3grk,19,104,215,345,mi,7/8/2019,9/11/2020
IA,PAYM-55,Payment_wwzxsmb,72,128,253,361,etiam,4/18/2020,6/29/2020
IL,PAYM-64,Payment_nmi5yaa,16,148,256,305,dolor,12/16/2019,5/27/2021
WV,PAYM-33,Payment_mmuwbat,23,143,211,374,quis,11/30/2019,3/7/2022
OH,PAYM-91,Payment_wyfmuzu,43,103,208,381,proin,5/8/2019,12/28/2021
GA,PAYM-94,Payment_qqbbqzo,34,165,260,323,rutrum,5/8/2019,10/25/2020
CA,PAYM-62,Payment_xuq7lsl,29,171,243,400,diam,5/17/2020,12/17/2020
CA,PAYM-86,Payment_mcunzan,18,141,288,358,nullam,7/31/2019,12/1/2020
GA,PAYM-35,Payment_wgp9zfn,90,177,225,340,at,12/17/2019,9/6/2021
CA,PAYM-00,Payment_yovrwew,91,105,214,370,imperdiet,9/15/2019,10/21/2021
HI,PAYM-16,Payment_lrypgnt,22,133,212,380,lobortis,10/24/2019,9/30/2021
MD,PAYM-37,Payment_ujnghri,54,141,261,337,nulla,12/13/2019,11/25/2020
CA,PAYM-49,Payment_pcf00qk,90,185,291,337,eros,10/11/2019,9/6/2020
FL,PAYM-58,Payment_zkuc3ik,17,150,279,364,diam,6/12/2019,8/12/2020
OH,PAYM-49,Payment_iafidjg,13,151,262,392,erat,5/31/2019,8/25/2020
MT,PAYM-13,Payment_vrvxmsc,55,144,248,377,vel,8/8/2019,6/3/2021
FL,PAYM-60,Payment_wma3zlb,12,128,274,361,congue,7/27/2019,10/24/2021
VA,PAYM-86,Payment_fynf9ag,36,103,266,313,justo,3/19/2020,2/13/2022
CA,PAYM-67,Payment_bdhkmkf,68,123,280,368,morbi,1/29/2020,11/7/2021
VA,PAYM-01,Payment_bgyg2lh,21,184,258,352,curae,9/22/2019,2/7/2022
AL,PAYM-06,Payment_hvqduip,34,112,207,353,potenti,7/17/2019,9/10/2021
IN,PAYM-18,Payment_mulphsb,66,144,265,356,tellus,12/31/2019,3/27/2022
NV,PAYM-50,Payment_mtpvwid,74,129,213,394,donec,10/15/2019,1/17/2022
DC,PAYM-61,Payment_kjo56mr,75,174,271,312,vel,8/15/2019,5/19/2021
ID,PAYM-62,Payment_pwnwnvq,1,114,251,392,donec,12/7/2019,5/27/2022
TX,PAYM-74,Payment_fvfdkkt,62,183,216,325,neque,7/22/2019,10/9/2020
CO,PAYM-73,Payment_hah8zxt,64,162,224,357,magnis,12/20/2019,7/1/2020
KS,PAYM-13,Payment_odx9koc,54,105,268,392,platea,10/11/2019,3/11/2022
AZ,PAYM-99,Payment_tdbwuty,12,198,292,387,velit,9/7/2019,8/3/2020
SC,PAYM-01,Payment_flqrzji,14,182,274,391,tortor,4/15/2020,6/16/2021
CA,PAYM-31,Payment_isocbvw,72,188,209,335,cras,6/6/2019,4/9/2021
NY,PAYM-42,Payment_vpxjttv,36,145,300,311,platea,4/5/2020,7/20/2020
CA,PAYM-02,Payment_jmnrdwk,54,103,255,383,eros,8/8/2019,2/1/2022
TX,PAYM-85,Payment_cqvbama,22,176,293,333,molestie,11/12/2019,12/19/2020
CA,PAYM-45,Payment_bmlu7dh,61,195,203,385,imperdiet,6/9/2019,6/28/2021
GA,PAYM-87,Payment_xlckrle,66,191,300,369,a,3/10/2020,7/24/2021
OK,PAYM-39,Payment_zcgbjyz,30,119,274,305,vel,7/27/2019,1/14/2021
FL,PAYM-61,Payment_xjx5oaq,85,185,203,301,vestibulum,3/4/2020,2/24/2022
WA,PAYM-27,Payment_ahhk6mn,54,130,220,317,platea,8/26/2019,11/21/2020
TX,PAYM-74,Payment_jpmogsa,66,133,213,321,aliquam,5/24/2019,3/13/2021
ID,PAYM-90,Payment_mgefvoo,89,125,213,349,id,1/28/2020,2/2/2021
CA,PAYM-32,Payment_stt76au,7,134,266,371,libero,12/9/2019,3/29/2021
WI,PAYM-59,Payment_yvdtdon,98,118,292,310,duis,9/14/2019,9/13/2020
WV,PAYM-57,Payment_mqy8bdh,85,198,208,301,semper,9/20/2019,8/31/2020
GA,PAYM-30,Payment_kibfgzs,89,113,280,365,fusce,9/24/2019,2/26/2022
TX,PAYM-35,Payment_jdrikkl,99,190,232,360,pede,6/27/2019,3/2/2022
GA,PAYM-20,Payment_axvnsis,8,148,278,305,nunc,7/18/2019,12/22/2020
NE,PAYM-31,Payment_adnwfhi,89,182,260,317,libero,1/11/2020,1/3/2022
TX,PAYM-19,Payment_leljpep,61,180,229,328,phasellus,3/6/2020,1/23/2022
NY,PAYM-30,Payment_voeg8le,74,180,231,370,erat,5/24/2020,3/23/2021
TX,PAYM-64,Payment_kuvj9sd,38,130,244,389,integer,12/22/2019,9/3/2020
ID,PAYM-90,Payment_fpck6ku,98,130,225,362,et,2/29/2020,12/31/2021
CA,PAYM-35,Payment_jquqzro,73,186,279,383,volutpat,5/14/2020,10/22/2021
AZ,PAYM-67,Payment_glrxbtz,88,194,206,337,lorem,4/24/2020,11/4/2020
IN,PAYM-29,Payment_egkdzwc,93,145,251,363,vulputate,5/15/2019,2/5/2022
TN,PAYM-79,Payment_yqk3uok,55,198,236,309,lacinia,10/30/2019,8/12/2020
FL,PAYM-35,Payment_tyxlmre,77,150,263,332,sit,2/3/2020,2/15/2022
FL,PAYM-47,Payment_refl8os,2,121,261,332,sem,10/30/2019,3/16/2022
OK,PAYM-01,Payment_xzw10rp,34,113,296,325,aliquet,11/6/2019,9/5/2020
SC,PAYM-51,Payment_kcpfrsf,91,142,235,340,sapien,2/12/2020,7/20/2020
SC,PAYM-35,Payment_rbjizoc,86,128,234,371,justo,11/28/2019,11/19/2020
CA,PAYM-14,Payment_xzh3cmq,33,109,225,397,sapien,8/9/2019,9/10/2020
FL,PAYM-56,Payment_qzu54ve,95,158,216,366,enim,11/7/2019,3/8/2022
WV,PAYM-29,Payment_fpuarpn,54,195,255,327,vel,9/15/2019,11/3/2021
CA,PAYM-21,Payment_ekorntb,78,120,240,309,quam,9/19/2019,8/6/2021
DC,PAYM-07,Payment_zqfttge,6,189,214,335,risus,11/3/2019,1/16/2022
DE,PAYM-23,Payment_geh7qpr,93,160,283,306,dictumst,9/30/2019,3/10/2021
WA,PAYM-71,Payment_jygvbnr,38,152,288,360,sapien,12/4/2019,3/2/2022
WV,PAYM-57,Payment_dgohprh,69,103,241,363,at,10/16/2019,11/28/2020
NJ,PAYM-96,Payment_ydu7ezz,29,131,214,302,vestibulum,11/4/2019,12/5/2020
DC,PAYM-33,Payment_swc9jpv,52,155,273,316,convallis,5/22/2019,11/18/2020
OH,PAYM-80,Payment_ykad3ja,41,107,259,396,elementum,7/7/2019,7/15/2020
NC,PAYM-37,Payment_xhq6mzp,33,111,243,357,dapibus,4/29/2020,11/26/2021
OH,PAYM-60,Payment_hmw3eyi,6,120,211,383,adipiscing,2/16/2020,1/19/2021
HI,PAYM-09,Payment_uxgf9be,66,133,299,337,vitae,3/16/2020,6/17/2021
OH,PAYM-23,Payment_eufv1no,73,182,258,346,parturient,12/20/2019,10/23/2021
IN,PAYM-92,Payment_nlwr1rf,41,194,224,373,in,7/6/2019,4/10/2021
GA,PAYM-08,Payment_vsk81kl,65,124,253,340,arcu,11/16/2019,7/6/2020
CA,PAYM-09,Payment_oin2lbf,45,163,227,351,vestibulum,3/6/2020,10/22/2021
GA,PAYM-03,Payment_houuijv,99,168,236,371,nulla,11/9/2019,11/16/2021
FL,PAYM-96,Payment_oaocdzv,95,115,246,330,velit,2/7/2020,4/17/2022
NV,PAYM-27,Payment_sfn1arb,56,107,208,361,vel,12/27/2019,7/18/2021
GA,PAYM-60,Payment_yfwaegl,73,124,201,354,orci,11/25/2019,1/14/2022
NM,PAYM-56,Payment_mqilurq,16,102,204,309,nec,10/11/2019,1/10/2022
TX,PAYM-65,Payment_qrtktvh,6,192,202,312,at,11/10/2019,1/22/2022
CO,PAYM-19,Payment_zzco9ml,83,132,269,302,a,1/30/2020,6/9/2021
UT,PAYM-05,Payment_ppe4suo,30,156,220,400,faucibus,4/20/2020,12/17/2020
CA,PAYM-67,Payment_exke3cx,17,114,277,325,eget,5/16/2020,2/12/2021
TX,PAYM-94,Payment_vsg22ft,9,128,274,303,habitasse,5/8/2020,5/23/2022
MI,PAYM-11,Payment_gxwjfzb,46,143,234,306,mus,3/14/2020,10/18/2021
KY,PAYM-75,Payment_qmq30ae,73,147,230,371,nec,11/4/2019,11/19/2021
MS,PAYM-70,Payment_xhx3xvy,84,196,300,351,nunc,10/8/2019,10/23/2020
CO,PAYM-93,Payment_gfr8dqd,72,117,282,373,suspendisse,8/28/2019,1/12/2021
NJ,PAYM-42,Payment_hyjdqqh,5,160,252,312,amet,1/19/2020,11/11/2020
AR,PAYM-88,Payment_addnnlo,20,103,237,315,in,7/26/2019,2/7/2022
TX,PAYM-30,Payment_cejdteo,66,121,265,358,pede,7/11/2019,12/31/2021
SC,PAYM-26,Payment_mdn9bmu,46,200,271,322,nunc,5/22/2019,3/16/2022
MA,PAYM-67,Payment_nboqwaw,77,150,293,354,felis,12/28/2019,4/21/2022
VA,PAYM-46,Payment_xpv9rxq,82,136,285,382,hac,9/18/2019,9/15/2021
CA,PAYM-08,Payment_yfxpoyy,77,104,266,350,interdum,12/9/2019,3/20/2022
FL,PAYM-32,Payment_gyeplbx,28,127,288,334,rhoncus,1/12/2020,3/20/2021
MN,PAYM-14,Payment_ijtethh,94,105,280,372,posuere,9/17/2019,8/17/2021
IN,PAYM-74,Payment_lkpg0kt,48,145,203,395,eros,4/11/2020,3/10/2022
OR,PAYM-12,Payment_hufqhxy,62,162,230,378,lacus,10/9/2019,9/19/2020
VT,PAYM-05,Payment_acr9nfh,66,200,240,347,sapien,10/14/2019,5/18/2021
MO,PAYM-52,Payment_ata9uqc,26,129,247,351,vestibulum,10/23/2019,5/1/2022
DC,PAYM-50,Payment_uhe9byy,25,112,206,393,volutpat,10/22/2019,2/1/2021
DE,PAYM-05,Payment_gqu6kab,90,126,297,354,lorem,11/15/2019,4/16/2021
FL,PAYM-56,Payment_ruxtzqh,43,184,269,314,neque,4/5/2020,3/22/2022
OH,PAYM-11,Payment_xws18eh,5,104,291,377,tellus,6/1/2019,9/10/2020
WV,PAYM-72,Payment_qji05eu,71,167,253,307,curabitur,1/24/2020,7/17/2020
FL,PAYM-23,Payment_vxlakev,36,129,221,364,odio,9/29/2019,4/7/2021
FL,PAYM-37,Payment_wqmrqgu,16,106,210,335,leo,4/25/2020,2/4/2021
KY,PAYM-89,Payment_ihvuehs,5,194,300,363,quisque,3/30/2020,7/19/2020
CA,PAYM-05,Payment_tzf4orf,94,187,299,318,leo,5/27/2020,12/11/2020
AK,PAYM-88,Payment_egsbxge,7,169,278,325,sollicitudin,1/25/2020,3/25/2021
FL,PAYM-84,Payment_vrxsdry,44,175,238,306,lobortis,8/3/2019,7/15/2020
KS,PAYM-96,Payment_hnt7kwb,41,178,206,340,vel,1/2/2020,5/4/2021
FL,PAYM-80,Payment_xug9ker,7,158,268,328,mattis,5/20/2019,3/13/2022
WA,PAYM-42,Payment_gosdaup,98,118,204,320,augue,7/31/2019,3/30/2022
FL,PAYM-11,Payment_isc8isw,23,109,206,316,pede,5/10/2020,3/16/2022
SC,PAYM-25,Payment_skqjfhf,80,133,228,303,potenti,5/21/2020,11/15/2020
TX,PAYM-28,Payment_ycgq1yj,70,195,237,347,mattis,4/15/2020,10/5/2021
HI,PAYM-40,Payment_sizktxz,59,178,298,382,pellentesque,5/4/2020,2/25/2021
NC,PAYM-97,Payment_mdd1cpo,53,125,210,348,aliquet,7/20/2019,12/4/2020
WA,PAYM-04,Payment_fkw5kuz,15,170,299,399,convallis,9/11/2019,4/11/2021
PA,PAYM-73,Payment_ahsz8mr,27,147,266,318,in,2/7/2020,11/29/2020
MO,PAYM-57,Payment_xdithbj,56,156,291,391,cubilia,8/20/2019,4/12/2021
TX,PAYM-43,Payment_apoh4xt,46,156,242,362,porttitor,8/5/2019,10/28/2020
VA,PAYM-61,Payment_uezo4qp,83,156,257,335,semper,12/23/2019,1/9/2021
NY,PAYM-46,Payment_oyiw0hs,25,115,268,390,aliquam,3/10/2020,5/14/2022
CA,PAYM-71,Payment_bgpawdj,61,103,291,397,consequat,10/17/2019,8/23/2021
WI,PAYM-91,Payment_hbpu4oh,44,144,253,325,turpis,6/28/2019,1/9/2021
GA,PAYM-80,Payment_vdcx9he,14,186,283,334,lacinia,5/10/2020,5/28/2021
NY,PAYM-33,Payment_hhp2xzt,18,108,258,342,morbi,8/3/2019,2/22/2021
KS,PAYM-61,Payment_dayvwwr,73,151,231,340,ipsum,5/4/2020,1/10/2022
TX,PAYM-46,Payment_epd40se,57,120,300,301,habitasse,8/28/2019,2/4/2021
MD,PAYM-90,Payment_krddhak,67,166,237,322,sit,7/12/2019,12/6/2021
NY,PAYM-49,Payment_xqejvdg,15,106,243,379,lorem,7/30/2019,5/15/2022
VA,PAYM-01,Payment_txpsurw,25,169,250,365,id,9/28/2019,10/4/2020
TX,PAYM-31,Payment_kte40bp,6,194,229,308,congue,11/26/2019,2/17/2022
VA,PAYM-89,Payment_uyvvlcz,43,118,202,336,eleifend,9/21/2019,4/14/2022
MN,PAYM-20,Payment_htq77ty,8,198,265,348,convallis,12/5/2019,1/14/2022
OH,PAYM-87,Payment_qoj5atv,21,107,288,340,mi,3/24/2020,4/3/2021
OK,PAYM-82,Payment_qrf8ipj,66,158,283,357,rutrum,5/15/2019,5/2/2022
DC,PAYM-70,Payment_uyvntsk,4,184,279,373,rutrum,11/10/2019,12/27/2020
CO,PAYM-20,Payment_uqn84gp,3,106,275,354,hac,11/11/2019,4/28/2021
WI,PAYM-68,Payment_fskd6ue,69,189,236,309,auctor,7/20/2019,4/21/2022
VA,PAYM-54,Payment_wqndxix,34,110,239,387,quis,3/8/2020,6/21/2021
TX,PAYM-63,Payment_aqx5sua,58,131,250,383,morbi,4/22/2020,5/15/2021
NY,PAYM-16,Payment_expbfqo,5,167,221,369,fusce,9/24/2019,4/19/2021
VA,PAYM-35,Payment_viuyece,64,165,254,343,eu,3/20/2020,7/28/2020
KY,PAYM-46,Payment_jul7ywt,77,191,274,323,pellentesque,10/25/2019,9/15/2020
KY,PAYM-24,Payment_razefzp,70,143,257,320,odio,4/17/2020,12/29/2020
TN,PAYM-04,Payment_eqmjsnb,45,140,249,324,amet,3/4/2020,3/13/2022
CO,PAYM-63,Payment_csf31ln,52,164,274,373,vel,6/24/2019,4/30/2022
MN,PAYM-22,Payment_lmw7jnh,4,160,246,333,nam,4/10/2020,1/22/2021
IL,PAYM-69,Payment_mqpyawx,20,154,293,359,lorem,11/29/2019,2/27/2022
FL,PAYM-11,Payment_ubjcarg,22,173,268,380,ut,4/30/2020,3/28/2022
IN,PAYM-38,Payment_ggvkxtj,51,150,284,353,at,5/24/2020,1/3/2022
CA,PAYM-02,Payment_cloaomc,76,184,252,336,lorem,2/20/2020,9/22/2020
OH,PAYM-39,Payment_ppxjpbg,64,126,286,338,varius,1/30/2020,6/11/2021
TX,PAYM-30,Payment_gzbl6il,89,104,220,374,amet,7/22/2019,7/29/2021
AZ,PAYM-28,Payment_dlgk0ru,41,180,207,398,blandit,4/14/2020,5/1/2021
TX,PAYM-35,Payment_sih1uxe,93,132,221,301,semper,1/14/2020,4/28/2022
MS,PAYM-18,Payment_katenfu,89,166,229,320,ultrices,10/26/2019,3/22/2021
IN,PAYM-96,Payment_kcntkpi,69,161,233,368,pellentesque,12/25/2019,9/27/2020
IA,PAYM-57,Payment_oax3phi,34,101,216,335,curae,7/11/2019,11/8/2020
NY,PAYM-62,Payment_xxcjips,82,108,239,302,luctus,12/6/2019,2/15/2022
TX,PAYM-21,Payment_sqj3ynn,48,177,238,303,tortor,10/22/2019,1/11/2021
NC,PAYM-01,Payment_krlmwpv,63,102,202,395,id,5/20/2019,7/17/2020
WA,PAYM-33,Payment_mcnyqrc,29,186,237,378,odio,6/17/2019,4/18/2021
CA,PAYM-61,Payment_mkhhhwt,45,101,228,388,elit,7/5/2019,8/25/2020
MO,PAYM-54,Payment_oymzfzq,49,188,226,374,sapien,7/29/2019,9/25/2021
LA,PAYM-77,Payment_kdorcit,74,161,267,322,vulputate,6/1/2019,1/25/2022
TX,PAYM-85,Payment_glloogk,52,126,219,366,scelerisque,12/8/2019,9/14/2021
CA,PAYM-28,Payment_zdecqmt,28,177,208,375,tempor,12/10/2019,10/23/2020
AZ,PAYM-73,Payment_jih8aaw,4,147,295,302,integer,3/29/2020,1/2/2022
MS,PAYM-24,Payment_hblufat,50,148,286,378,bibendum,4/21/2020,4/22/2021
DC,PAYM-07,Payment_thif1yr,65,185,282,351,donec,9/28/2019,5/21/2022
NY,PAYM-94,Payment_wonupla,88,155,266,368,praesent,7/22/2019,2/22/2021
UT,PAYM-70,Payment_ail8mgn,1,170,231,318,risus,11/8/2019,12/20/2020
PA,PAYM-23,Payment_vxcg7wt,46,169,224,384,suscipit,7/20/2019,8/6/2021
TX,PAYM-26,Payment_vjywefx,94,112,289,385,eget,2/1/2020,9/1/2021
CT,PAYM-28,Payment_eibewah,14,155,247,368,posuere,4/12/2020,7/16/2020
MD,PAYM-74,Payment_kta82tm,65,200,212,392,luctus,4/2/2020,2/27/2021
AZ,PAYM-79,Payment_zro3tbk,61,138,256,391,turpis,3/4/2020,1/14/2022
DC,PAYM-25,Payment_shh8neq,93,188,236,370,in,3/7/2020,1/1/2022
IL,PAYM-20,Payment_gxnnukk,66,170,233,383,nulla,5/16/2020,11/23/2021
TX,PAYM-40,Payment_kevk1bl,99,165,253,385,lectus,3/18/2020,5/19/2022
NV,PAYM-70,Payment_msi43rw,38,119,217,390,eleifend,11/5/2019,10/20/2021
FL,PAYM-02,Payment_cgpnmpm,32,156,276,349,ut,12/8/2019,5/22/2021
NY,PAYM-16,Payment_awobkjc,26,116,266,366,vel,7/11/2019,12/23/2020
FL,PAYM-62,Payment_irxafxo,2,160,209,400,nam,2/20/2020,1/31/2022
SC,PAYM-55,Payment_ynk9wmx,8,129,247,363,mauris,10/10/2019,4/1/2022
VA,PAYM-78,Payment_sbzayua,43,162,276,340,volutpat,1/31/2020,2/11/2021
OR,PAYM-16,Payment_vlm9urt,98,102,245,352,nonummy,4/14/2020,2/13/2021
AZ,PAYM-57,Payment_zetopxw,78,134,220,341,cras,6/20/2019,12/9/2021
OH,PAYM-96,Payment_ikumvyo,2,128,251,359,faucibus,11/11/2019,10/31/2020
OH,PAYM-22,Payment_pjrscwr,7,159,282,324,sagittis,1/4/2020,2/13/2022
VA,PAYM-80,Payment_oxz2ydu,71,152,230,390,imperdiet,1/5/2020,7/17/2020
NC,PAYM-31,Payment_wrwdtxn,27,149,278,386,lorem,12/31/2019,12/4/2021
OR,PAYM-75,Payment_somzjop,78,111,284,399,duis,1/10/2020,5/27/2021
NY,PAYM-26,Payment_htkjnei,99,116,274,352,luctus,2/2/2020,5/31/2021
CA,PAYM-14,Payment_tpfz6as,1,128,232,330,vel,7/18/2019,5/5/2021
OH,PAYM-87,Payment_lzt15xk,97,130,300,347,odio,10/11/2019,4/25/2022
FL,PAYM-17,Payment_ikvboxp,7,177,285,352,elementum,5/15/2019,1/4/2021
NV,PAYM-20,Payment_gbsmtpb,4,150,201,348,vestibulum,2/20/2020,7/14/2020
FL,PAYM-02,Payment_sxhvrua,4,184,228,365,ultrices,12/27/2019,1/30/2022
TX,PAYM-73,Payment_bxg3dwd,55,189,253,400,magnis,12/2/2019,2/5/2022
CA,PAYM-56,Payment_sotinxx,71,113,287,368,sollicitudin,7/22/2019,7/14/2021
MI,PAYM-61,Payment_hxnagpx,37,150,278,386,dis,12/17/2019,11/16/2021
KS,PAYM-50,Payment_najijrn,6,158,227,306,ac,5/20/2019,9/16/2021
PA,PAYM-38,Payment_svffbqt,7,177,289,364,vel,2/7/2020,11/25/2020
OH,PAYM-13,Payment_gmun5jt,97,153,237,347,vestibulum,5/7/2019,5/31/2021
NC,PAYM-54,Payment_wvg4zsq,87,104,258,303,a,10/19/2019,12/24/2020
MA,PAYM-11,Payment_eaqc1hk,18,158,237,392,id,12/30/2019,4/27/2022
CA,PAYM-75,Payment_qpwrqml,76,196,274,324,augue,7/5/2019,1/9/2021
FL,PAYM-12,Payment_lbdl9xi,17,195,280,354,habitasse,2/27/2020,5/17/2022
IL,PAYM-92,Payment_gbibxai,88,167,223,377,convallis,7/14/2019,10/16/2020
DC,PAYM-01,Payment_lsidzcc,84,195,242,388,sapien,6/30/2019,4/14/2022
AR,PAYM-63,Payment_uxp13me,57,157,219,325,arcu,8/26/2019,2/8/2022
ND,PAYM-47,Payment_sot40pl,91,146,214,390,vestibulum,9/29/2019,4/19/2021
FL,PAYM-04,Payment_agbgenh,11,162,287,383,libero,7/27/2019,8/18/2021
VA,PAYM-47,Payment_sna1cjf,23,176,265,374,quis,11/23/2019,12/8/2021
TN,PAYM-10,Payment_jbxc3et,45,190,262,372,consectetuer,5/19/2019,2/5/2022
NY,PAYM-47,Payment_ruoegmq,47,188,240,307,dapibus,7/16/2019,7/14/2020
TX,PAYM-52,Payment_yoy3tav,50,121,300,336,dapibus,10/12/2019,10/25/2020
MD,PAYM-93,Payment_pczjhpr,12,187,249,338,vulputate,7/12/2019,4/9/2022
IL,PAYM-50,Payment_vgiw5ty,19,176,300,378,sagittis,10/26/2019,9/26/2020
MN,PAYM-74,Payment_xauumme,24,127,217,352,augue,10/17/2019,5/22/2022
FL,PAYM-62,Payment_ycxh4gg,44,110,270,382,et,10/24/2019,1/4/2021
CA,PAYM-78,Payment_xhkq6sf,73,147,218,354,in,4/1/2020,9/23/2021
LA,PAYM-86,Payment_attkzfy,54,141,286,337,ligula,6/6/2019,1/26/2021
CA,PAYM-34,Payment_qezleqq,43,155,276,356,ac,8/29/2019,7/4/2020
DC,PAYM-75,Payment_eudnofv,39,108,278,312,enim,6/4/2019,1/6/2022
MA,PAYM-21,Payment_lvsxlqs,69,190,230,360,ipsum,9/8/2019,6/20/2021
VA,PAYM-61,Payment_xsjyoiv,27,191,206,394,nisi,2/19/2020,1/15/2022
CO,PAYM-54,Payment_kix2pga,74,144,231,334,turpis,1/26/2020,11/17/2021
CO,PAYM-81,Payment_ramo9kh,28,134,282,347,semper,4/9/2020,3/5/2022
OR,PAYM-77,Payment_btw9mht,43,117,209,377,vitae,11/7/2019,8/4/2021
CA,PAYM-52,Payment_bduouai,71,127,297,320,non,6/12/2019,7/2/2020
NV,PAYM-24,Payment_ajn0hlp,86,161,257,323,tortor,3/31/2020,10/10/2021
CA,PAYM-78,Payment_cym12wm,77,127,275,394,libero,9/20/2019,4/26/2022
CA,PAYM-81,Payment_sudl0yx,8,125,246,333,cursus,8/8/2019,2/10/2022
LA,PAYM-40,Payment_vfh9vcc,75,118,252,355,mauris,10/14/2019,7/8/2020
MN,PAYM-77,Payment_whamaat,79,142,216,363,nonummy,5/30/2019,5/4/2022
TX,PAYM-94,Payment_ftbt3hu,49,130,300,360,sapien,9/30/2019,8/1/2020
AK,PAYM-36,Payment_iwm2qcj,78,122,251,387,ut,3/22/2020,5/19/2022
AZ,PAYM-03,Payment_qofx6vy,49,107,298,335,bibendum,8/1/2019,9/15/2020
NJ,PAYM-90,Payment_ciyberq,14,146,223,380,mauris,9/27/2019,7/23/2020
PA,PAYM-74,Payment_rcm32wq,97,123,280,348,suspendisse,11/11/2019,3/17/2022
TX,PAYM-12,Payment_ciz2iwf,36,150,294,378,vel,9/3/2019,4/7/2021
CA,PAYM-40,Payment_xirhwqx,62,122,250,318,sapien,6/21/2019,10/28/2020
PA,PAYM-44,Payment_abdp8lu,67,135,262,344,auctor,11/28/2019,8/10/2020
MD,PAYM-13,Payment_znavrvq,44,195,276,364,eleifend,9/4/2019,1/15/2022
CO,PAYM-64,Payment_hnnslvc,9,108,211,371,ligula,7/6/2019,4/26/2022
CA,PAYM-40,Payment_yhw02ij,53,200,300,320,turpis,7/5/2019,7/30/2021
PA,PAYM-38,Payment_qljrbpf,51,134,203,342,sed,11/28/2019,8/2/2021
MN,PAYM-70,Payment_gijr6wl,53,101,275,317,magna,7/7/2019,12/23/2021
TX,PAYM-15,Payment_hdqidgg,90,123,218,343,odio,5/12/2019,11/25/2020
CA,PAYM-52,Payment_akwj2kv,2,158,269,388,venenatis,6/6/2019,4/22/2021
FL,PAYM-52,Payment_cryycze,5,108,255,351,eget,3/27/2020,3/16/2022
TX,PAYM-97,Payment_rsk6qrh,88,173,250,346,velit,2/19/2020,9/28/2021
AZ,PAYM-32,Payment_iiazsoe,67,154,248,350,eget,12/7/2019,9/7/2021
NY,PAYM-14,Payment_dgvq5fm,33,109,213,355,faucibus,12/30/2019,4/21/2021
AL,PAYM-88,Payment_rtwyxfj,63,120,211,359,cubilia,10/29/2019,10/23/2020
FL,PAYM-83,Payment_bicb8uq,71,136,255,333,ante,8/25/2019,7/9/2020
TX,PAYM-78,Payment_qfnxltz,57,136,289,355,ultrices,1/12/2020,5/19/2022
AR,PAYM-45,Payment_hcvvlty,37,114,247,329,in,3/5/2020,3/11/2021
NM,PAYM-93,Payment_opjrytm,4,200,277,353,nisl,9/28/2019,4/9/2022
WA,PAYM-28,Payment_hihqiza,77,145,236,330,leo,2/13/2020,12/29/2021
MO,PAYM-13,Payment_yvkppwl,47,189,266,352,congue,4/26/2020,10/1/2020
FL,PAYM-84,Payment_oyxyeli,22,156,235,328,proin,6/25/2019,3/25/2022
PA,PAYM-48,Payment_uwmhjic,20,124,217,322,posuere,1/6/2020,4/1/2021
KY,PAYM-98,Payment_nyvatak,10,127,288,354,bibendum,12/1/2019,2/10/2021
AL,PAYM-09,Payment_dixj4ba,31,130,220,328,vitae,6/3/2019,8/20/2020
MO,PAYM-91,Payment_vipiblv,96,178,242,349,felis,8/22/2019,8/18/2021
LA,PAYM-78,Payment_qcmn7xe,38,147,277,374,rutrum,11/11/2019,10/30/2021
CA,PAYM-33,Payment_ino4wzw,66,137,222,396,lacus,6/24/2019,2/21/2022
LA,PAYM-40,Payment_lvf1meo,95,150,259,386,ut,3/1/2020,8/19/2021
CA,PAYM-95,Payment_zofesfv,87,147,299,337,dolor,3/18/2020,9/19/2021
MI,PAYM-40,Payment_rwmv6ln,37,197,253,377,dui,1/30/2020,2/19/2022
NE,PAYM-45,Payment_coqzren,79,164,239,363,lorem,6/24/2019,4/18/2021
KS,PAYM-93,Payment_rdlgtyj,48,183,250,352,nisl,5/11/2019,8/8/2021
FL,PAYM-46,Payment_pie80tg,86,164,247,309,non,4/6/2020,2/28/2022
AL,PAYM-43,Payment_gmpe1za,12,108,215,368,quis,9/27/2019,4/12/2021
CA,PAYM-42,Payment_pxmj9nk,15,133,269,318,ac,7/23/2019,5/22/2021
WV,PAYM-82,Payment_dvnb5aw,24,156,215,319,mi,11/19/2019,8/20/2020
OH,PAYM-34,Payment_mdpmecr,38,118,207,314,in,11/24/2019,5/26/2022
FL,PAYM-90,Payment_cuaotpk,83,151,284,385,est,8/6/2019,7/3/2021
CA,PAYM-23,Payment_ftb7veh,5,128,234,361,sodales,5/11/2019,4/21/2021
NC,PAYM-41,Payment_mepdbrz,41,146,264,314,fusce,7/17/2019,6/28/2020
CA,PAYM-93,Payment_bltbrvo,45,186,205,335,mi,5/26/2020,12/23/2020
AZ,PAYM-22,Payment_jigqmql,84,131,285,362,odio,4/1/2020,10/25/2021
AZ,PAYM-70,Payment_wyoplyn,52,110,206,342,sit,2/19/2020,8/19/2020
PA,PAYM-52,Payment_pcfenis,18,120,285,319,faucibus,6/6/2019,4/26/2021
CO,PAYM-81,Payment_nqhr7kv,67,117,204,312,ac,4/22/2020,3/22/2021
NE,PAYM-94,Payment_hvq7dps,97,151,287,373,amet,11/29/2019,1/24/2021
CA,PAYM-30,Payment_iqiqzmi,67,159,227,397,nascetur,3/17/2020,6/7/2021
CA,PAYM-51,Payment_xckndru,73,135,228,325,tellus,6/7/2019,5/19/2021
OH,PAYM-78,Payment_gpm51bi,90,194,265,304,habitasse,9/8/2019,8/21/2021
VA,PAYM-99,Payment_ntartpu,29,110,254,355,quis,3/19/2020,1/21/2021
RI,PAYM-67,Payment_rpe0nux,30,116,284,332,aliquam,5/18/2019,2/6/2022
HI,PAYM-16,Payment_yosyydq,19,187,204,306,semper,2/8/2020,8/9/2021
MI,PAYM-06,Payment_ayu9ywz,83,155,211,379,rutrum,1/20/2020,5/18/2021
CT,PAYM-70,Payment_ejd6ixt,38,176,296,360,tristique,2/16/2020,6/29/2020
MI,PAYM-19,Payment_szap1hn,27,105,223,315,vestibulum,11/5/2019,11/9/2021
NE,PAYM-02,Payment_tcfhtea,99,150,297,358,cubilia,3/12/2020,9/10/2021
PA,PAYM-95,Payment_korxtni,9,192,287,316,iaculis,11/9/2019,5/10/2021
VA,PAYM-07,Payment_cvkabtj,21,143,210,335,convallis,11/9/2019,8/14/2021
AL,PAYM-58,Payment_rwrxbmv,36,131,215,331,sed,7/9/2019,7/25/2021
OH,PAYM-90,Payment_ogrh2ec,38,159,231,378,odio,1/9/2020,10/20/2020
DC,PAYM-90,Payment_vbozcym,19,153,208,396,fusce,12/16/2019,1/28/2021
CA,PAYM-72,Payment_qknm2mb,70,200,266,388,sapien,3/16/2020,5/13/2021
MI,PAYM-34,Payment_asy31wq,88,150,207,390,in,5/10/2020,2/10/2022
FL,PAYM-77,Payment_baes3hm,36,163,270,348,eu,10/14/2019,10/21/2020
TX,PAYM-19,Payment_oelvxjy,98,138,295,389,in,12/15/2019,5/26/2021
MN,PAYM-48,Payment_icwkjja,38,170,225,372,donec,6/16/2019,10/14/2020
NY,PAYM-81,Payment_tqppyiz,72,108,282,331,morbi,10/20/2019,11/3/2020
OH,PAYM-74,Payment_sficzrv,26,110,221,360,dolor,6/19/2019,6/23/2021
IN,PAYM-72,Payment_rtkd0oo,87,178,279,382,vivamus,1/31/2020,1/13/2021
MD,PAYM-97,Payment_fgbq5wo,57,129,221,350,morbi,2/2/2020,3/29/2022
MO,PAYM-22,Payment_fic03tt,96,183,218,360,vel,4/11/2020,12/7/2020
UT,PAYM-95,Payment_ikzt2mk,71,106,289,324,vehicula,2/9/2020,4/18/2022
NC,PAYM-97,Payment_wcnn6fc,97,150,248,317,dolor,9/21/2019,10/29/2021
DC,PAYM-88,Payment_jnkm2yg,86,190,249,321,proin,4/5/2020,2/14/2021
WV,PAYM-82,Payment_vzhq7bm,27,158,278,313,nam,11/10/2019,5/17/2022
CA,PAYM-43,Payment_lqkrdjq,51,163,258,310,velit,5/18/2020,5/9/2021
AK,PAYM-79,Payment_rkg1xgq,82,200,222,378,odio,7/8/2019,2/21/2022
AL,PAYM-27,Payment_yqc4dsg,58,115,215,331,pede,5/31/2019,6/25/2021
NC,PAYM-43,Payment_xmab4co,6,145,241,382,luctus,3/5/2020,4/7/2022
NC,PAYM-12,Payment_bvpkriz,17,132,279,349,platea,10/12/2019,11/6/2020
VA,PAYM-13,Payment_mhnxqjj,97,156,253,399,vivamus,10/7/2019,8/7/2021
WI,PAYM-79,Payment_kxxbwkc,57,194,270,384,cras,11/10/2019,5/23/2022
OH,PAYM-12,Payment_jgdw6af,36,138,289,376,vestibulum,12/18/2019,7/23/2021
NE,PAYM-79,Payment_vbsfgui,98,142,281,354,lobortis,5/14/2020,9/23/2020
TX,PAYM-90,Payment_pbltref,39,120,271,306,id,5/31/2019,3/14/2021
CO,PAYM-08,Payment_kbhujrl,34,144,242,358,sollicitudin,10/26/2019,5/10/2022
TX,PAYM-66,Payment_fdulbtf,49,196,243,347,viverra,9/17/2019,8/4/2021
IN,PAYM-69,Payment_smqvuyi,27,172,258,330,fringilla,4/30/2020,6/6/2021
TN,PAYM-85,Payment_tko41vg,24,133,222,368,odio,8/14/2019,4/17/2022
DE,PAYM-22,Payment_lryw5wg,6,147,207,378,lacus,2/25/2020,10/13/2021
MO,PAYM-51,Payment_drk6hxm,74,104,267,321,semper,9/1/2019,6/23/2021
FL,PAYM-04,Payment_kpcfqci,90,129,299,335,luctus,4/3/2020,5/27/2022
WV,PAYM-13,Payment_nttj5hd,82,166,286,400,eu,3/24/2020,11/22/2021
MA,PAYM-64,Payment_tyrdbxz,79,123,246,399,id,7/24/2019,2/20/2021
MS,PAYM-04,Payment_pxi60zp,95,105,270,338,semper,12/24/2019,8/30/2020
OK,PAYM-95,Payment_rzx9ajm,28,154,298,320,ut,12/16/2019,7/8/2020
NY,PAYM-51,Payment_mgrf3ud,76,191,288,308,nec,4/4/2020,12/20/2020
TX,PAYM-96,Payment_cdrlnnp,3,166,210,353,in,5/2/2020,12/14/2021
CO,PAYM-63,Payment_irwy9zd,21,157,269,310,rutrum,2/16/2020,1/14/2021
NJ,PAYM-90,Payment_obg43ml,91,147,268,304,pulvinar,3/10/2020,10/18/2020
TX,PAYM-31,Payment_kiuamkv,60,168,222,383,proin,6/23/2019,3/25/2021
TX,PAYM-70,Payment_eak2ubg,68,169,270,330,fusce,4/10/2020,2/20/2022
CA,PAYM-21,Payment_dudbtqq,8,130,219,333,lectus,9/14/2019,2/25/2022
OH,PAYM-45,Payment_auk33mt,47,132,261,355,lacus,6/12/2019,11/7/2021
TX,PAYM-80,Payment_tcb9ann,89,175,266,356,interdum,5/23/2019,6/16/2021
AZ,PAYM-42,Payment_zoy8jlk,46,134,253,360,curabitur,4/25/2020,10/5/2020
CA,PAYM-15,Payment_cii0iag,58,120,226,343,pede,1/16/2020,4/30/2022
AZ,PAYM-44,Payment_qmy5mfw,87,181,267,317,lorem,4/10/2020,4/28/2022
IN,PAYM-96,Payment_dhed0xk,73,173,287,339,hendrerit,8/14/2019,10/28/2021
IN,PAYM-44,Payment_ghysotf,12,180,240,311,montes,11/28/2019,6/4/2021
TX,PAYM-97,Payment_jkbvuuo,77,124,251,386,nulla,11/7/2019,3/13/2021
CA,PAYM-58,Payment_fee3gwl,26,174,204,346,ante,2/6/2020,9/10/2021
CA,PAYM-40,Payment_uytpidr,13,120,217,358,habitasse,5/10/2020,12/22/2021
PA,PAYM-70,Payment_wthofrq,54,163,210,359,rhoncus,9/3/2019,7/7/2021
GA,PAYM-86,Payment_lux57oz,18,192,234,390,eleifend,3/17/2020,9/19/2021
NV,PAYM-42,Payment_hqkprxn,72,116,238,384,at,3/30/2020,10/14/2020
NV,PAYM-56,Payment_kxm74dg,3,123,236,322,justo,10/26/2019,5/23/2021
IL,PAYM-19,Payment_gnsyeeq,39,117,234,336,sed,8/1/2019,7/14/2020
FL,PAYM-17,Payment_lczhszz,20,118,201,338,quisque,2/11/2020,12/5/2021
TX,PAYM-67,Payment_hod3mby,10,141,216,378,nulla,12/21/2019,7/26/2021
PA,PAYM-82,Payment_ycl0zhg,62,131,292,334,ipsum,4/27/2020,10/18/2021
OK,PAYM-45,Payment_ipctlsl,74,161,260,334,purus,2/7/2020,1/31/2022
TN,PAYM-35,Payment_thf0rfb,81,181,273,335,maecenas,2/6/2020,12/3/2021
OH,PAYM-49,Payment_bjnd3ts,8,125,254,394,non,12/4/2019,5/14/2021
OR,PAYM-80,Payment_lyl0psn,7,100,269,319,in,11/29/2019,12/10/2021
CA,PAYM-79,Payment_pkxawek,28,173,259,365,posuere,7/2/2019,4/12/2021
HI,PAYM-47,Payment_utt8okw,10,132,207,338,congue,5/20/2020,12/2/2020
KY,PAYM-06,Payment_wwu03pd,90,148,296,311,nullam,2/6/2020,10/28/2021
MI,PAYM-01,Payment_aecskma,74,142,235,330,iaculis,1/1/2020,11/25/2021
DC,PAYM-91,Payment_qcc0upx,30,104,257,394,lorem,12/5/2019,8/21/2020
TN,PAYM-71,Payment_npg5oyr,24,113,248,387,erat,6/15/2019,1/30/2021
CA,PAYM-07,Payment_dzm66yy,51,140,280,359,morbi,9/28/2019,7/31/2020
TX,PAYM-46,Payment_tisp7kt,88,118,238,308,turpis,4/8/2020,5/24/2022
FL,PAYM-29,Payment_avi71rl,92,168,257,366,arcu,7/18/2019,8/29/2021
PA,PAYM-41,Payment_fsk7bca,13,140,232,398,nulla,12/16/2019,3/23/2021
MD,PAYM-16,Payment_cjzx6xw,45,184,201,392,elementum,4/9/2020,5/22/2021
CA,PAYM-99,Payment_mlejmze,22,164,290,328,dis,4/9/2020,5/12/2021
OK,PAYM-24,Payment_bsi73oj,44,154,212,305,cursus,4/23/2020,1/1/2022
TX,PAYM-45,Payment_lzzevzv,7,175,265,345,orci,10/20/2019,5/8/2022
AL,PAYM-68,Payment_iseiupj,49,107,228,355,mauris,6/10/2019,11/18/2020
CA,PAYM-71,Payment_fgjgiwj,62,159,281,312,libero,1/1/2020,12/12/2021
TX,PAYM-20,Payment_evuvhha,80,136,210,329,phasellus,12/3/2019,10/21/2021
IN,PAYM-69,Payment_zrj9rdo,31,133,208,390,nulla,9/24/2019,4/23/2022
TX,PAYM-17,Payment_ktze7cv,93,176,202,350,ante,3/15/2020,3/20/2021
CA,PAYM-69,Payment_fljd4xz,91,165,214,348,pede,12/27/2019,8/10/2020
TX,PAYM-29,Payment_ssbsyax,43,105,252,357,molestie,9/1/2019,8/30/2020
IN,PAYM-44,Payment_kuysquv,88,176,221,318,adipiscing,2/19/2020,2/25/2021
TX,PAYM-94,Payment_rdyksgu,65,122,276,376,ipsum,11/7/2019,2/9/2022
OR,PAYM-93,Payment_copt0ai,48,183,202,313,tincidunt,9/2/2019,10/23/2021
MA,PAYM-11,Payment_jxljwgq,72,121,276,373,ultrices,9/6/2019,11/10/2020
TX,PAYM-09,Payment_miigttr,11,133,217,358,ut,5/10/2019,7/16/2020
NH,PAYM-43,Payment_ikjv2jq,68,138,255,395,porta,8/6/2019,2/11/2022
FL,PAYM-36,Payment_dnsm0gq,64,159,272,373,ac,9/3/2019,3/31/2022
TX,PAYM-76,Payment_venpmcm,73,194,213,374,tortor,8/1/2019,10/2/2020
TX,PAYM-55,Payment_ebwd5dm,82,110,267,382,id,4/15/2020,12/6/2021
VA,PAYM-04,Payment_yxfp3rx,53,155,245,326,consequat,5/22/2020,11/22/2021
IN,PAYM-83,Payment_xdsilgd,72,126,231,373,cubilia,3/31/2020,12/23/2020
MO,PAYM-92,Payment_onsy0yy,37,126,298,314,aliquet,3/19/2020,10/12/2020
PA,PAYM-11,Payment_ubo9qpv,3,111,237,389,sed,7/25/2019,1/31/2022
CA,PAYM-83,Payment_mfdyfnk,85,112,251,392,vestibulum,3/6/2020,7/14/2021
TX,PAYM-07,Payment_ucvhsnz,62,199,260,303,turpis,4/25/2020,12/29/2021
IN,PAYM-63,Payment_uyemiaf,45,172,260,358,risus,11/27/2019,11/8/2021
VA,PAYM-90,Payment_aww0sui,92,172,225,333,sem,5/4/2020,3/27/2021
VA,PAYM-33,Payment_dizeomw,67,187,241,337,sed,8/4/2019,5/21/2022
FL,PAYM-49,Payment_llx70fu,97,172,213,337,quis,5/26/2019,3/6/2021
NY,PAYM-43,Payment_hopgoes,8,139,266,303,dolor,9/10/2019,10/27/2020
WA,PAYM-33,Payment_wjn5rvb,10,119,247,333,luctus,6/9/2019,1/18/2021
MI,PAYM-96,Payment_vfi9xaf,74,128,278,318,vel,5/6/2020,10/23/2020
MN,PAYM-08,Payment_yakv1up,37,146,267,329,sit,3/11/2020,2/16/2022
NC,PAYM-91,Payment_qaalytv,27,170,280,354,pellentesque,4/28/2020,10/28/2021
AZ,PAYM-06,Payment_gkqndpi,72,127,205,305,orci,3/8/2020,6/30/2021
CA,PAYM-71,Payment_vklwdup,89,107,294,384,justo,5/19/2020,8/23/2020
OK,PAYM-28,Payment_dgy8gbu,98,126,223,349,nibh,4/16/2020,9/1/2021
CA,PAYM-75,Payment_rwkedlp,8,186,255,323,donec,2/22/2020,1/11/2022
SC,PAYM-55,Payment_nsxn5ji,43,200,209,378,accumsan,6/9/2019,8/16/2021
CA,PAYM-26,Payment_amk76fk,77,129,249,351,non,12/17/2019,6/2/2021
LA,PAYM-16,Payment_gckxhbn,54,186,212,381,neque,9/20/2019,4/21/2021
MI,PAYM-94,Payment_zxf24ih,24,148,295,320,quis,5/31/2019,8/21/2020
CA,PAYM-09,Payment_gkcqdab,88,193,287,377,nibh,8/30/2019,4/22/2021
CA,PAYM-47,Payment_hgbrwsj,38,169,274,301,porttitor,11/2/2019,1/20/2021
MA,PAYM-94,Payment_yuixaqf,98,192,255,341,maecenas,1/31/2020,8/16/2021
AL,PAYM-23,Payment_sssjwgw,26,183,210,328,sagittis,5/20/2019,9/24/2021
ID,PAYM-56,Payment_qvfbprn,49,154,211,316,mus,5/22/2019,2/6/2022
TX,PAYM-80,Payment_ucf3qvq,58,139,226,333,rutrum,4/7/2020,9/16/2021
VA,PAYM-46,Payment_cdlv1nh,91,154,206,383,amet,7/19/2019,10/27/2020
VA,PAYM-34,Payment_ixt9vey,57,181,240,364,pellentesque,3/18/2020,5/15/2021
OH,PAYM-39,Payment_ipui0ah,51,138,234,314,interdum,6/23/2019,6/5/2021
TN,PAYM-37,Payment_idxe2ns,19,102,217,343,et,1/6/2020,9/20/2020
PA,PAYM-18,Payment_klguonl,94,108,258,357,molestie,8/14/2019,2/11/2021
MN,PAYM-55,Payment_pofjron,42,114,297,307,massa,10/19/2019,12/4/2021
VA,PAYM-24,Payment_rsob2rz,18,109,282,325,fermentum,5/7/2020,8/7/2021
CA,PAYM-54,Payment_xiu3msa,53,130,241,375,nunc,9/27/2019,2/24/2022
PA,PAYM-46,Payment_oixnpwk,20,110,265,383,donec,6/29/2019,10/3/2020
CO,PAYM-83,Payment_qaigodv,64,130,251,371,orci,11/29/2019,6/13/2021
DC,PAYM-93,Payment_jujkrlt,10,138,218,313,lorem,12/15/2019,2/24/2022
GA,PAYM-07,Payment_vvd8thm,81,144,237,327,lacus,11/6/2019,3/20/2022
MO,PAYM-93,Payment_kks6ovx,72,142,282,381,ut,12/4/2019,11/24/2020
TX,PAYM-19,Payment_fbwpiab,33,200,238,372,aenean,6/2/2019,2/13/2021
NC,PAYM-59,Payment_xdy9rem,50,116,280,355,tortor,2/3/2020,1/15/2022
VA,PAYM-96,Payment_zxqc3jf,72,131,212,384,vulputate,12/16/2019,7/29/2020
MN,PAYM-19,Payment_rnfoyva,28,124,294,333,in,11/16/2019,10/12/2020
OH,PAYM-37,Payment_aeuv3yh,13,150,297,371,dapibus,7/1/2019,1/23/2021
AL,PAYM-06,Payment_pla91xm,45,133,289,311,lorem,12/25/2019,4/6/2021
NV,PAYM-61,Payment_pik9fxu,83,176,255,388,condimentum,9/19/2019,5/4/2022
FL,PAYM-51,Payment_ahz2xuy,46,186,275,370,dui,12/6/2019,12/5/2021
CA,PAYM-33,Payment_sincbdi,73,164,254,327,amet,8/20/2019,6/16/2021
TX,PAYM-13,Payment_dcgs3mt,7,159,214,352,blandit,1/30/2020,1/14/2021
MA,PAYM-66,Payment_hjp9qvb,93,186,218,370,nulla,7/22/2019,1/14/2022
NV,PAYM-44,Payment_rjemlxi,7,165,203,315,id,4/18/2020,10/30/2020
LA,PAYM-20,Payment_qnpn6qt,10,102,258,334,lectus,7/21/2019,1/15/2021
MN,PAYM-31,Payment_lofxajr,32,118,258,306,nunc,10/11/2019,12/16/2020
FL,PAYM-96,Payment_dzraexl,7,126,205,312,tristique,12/1/2019,1/15/2021
AR,PAYM-56,Payment_qogtxtm,62,119,269,380,proin,11/21/2019,1/9/2021
NY,PAYM-70,Payment_iwmdyek,38,119,264,361,vestibulum,3/22/2020,8/20/2020
